libelle_classe_effectif,montant,nombre,nombre_siren,dep,color,montant_fr,nombre_fr,nombre_siren_fr
0 salarié,6426657.00,2527,711,01,#8E24AA,"6,4 M€",2 527 aides,711 entreprises
1 ou 2 salariés,38184893.14,11473,3014,01,#7E57C2,"38,2 M€",11 473 aides,3 014 entreprises
3 à 5 salariés,20072680.96,4482,1149,01,#5C6BC0,"20,1 M€",4 482 aides,1 149 entreprises
6 à 9 salariés,7671717.00,1342,342,01,#1E88E5,"7,7 M€",1 342 aides,342 entreprises
Etablissement non employeur,4525159.00,1995,704,01,#D81B60,"4,5 M€",1 995 aides,704 entreprises
Autres Classes d'Effectifs,11272731.00,709,206,01,#AAAAAA,"11,3 M€",709 aides,206 entreprises
0 salarié,6272305.00,2303,619,02,#8E24AA,"6,3 M€",2 303 aides,619 entreprises
1 ou 2 salariés,23708329.99,7021,1926,02,#7E57C2,"23,7 M€",7 021 aides,1 926 entreprises
3 à 5 salariés,12761970.47,2861,806,02,#5C6BC0,"12,8 M€",2 861 aides,806 entreprises
6 à 9 salariés,3829207.00,770,245,02,#1E88E5,"3,8 M€",770 aides,245 entreprises
Etablissement non employeur,6503932.00,2838,806,02,#D81B60,"6,5 M€",2 838 aides,806 entreprises
Autres Classes d'Effectifs,7256144.00,443,134,02,#AAAAAA,"7,3 M€",443 aides,134 entreprises
0 salarié,6214808.00,2342,588,03,#8E24AA,"6,2 M€",2 342 aides,588 entreprises
1 ou 2 salariés,22448290.09,7119,1843,03,#7E57C2,"22,4 M€",7 119 aides,1 843 entreprises
3 à 5 salariés,7992073.82,1937,569,03,#5C6BC0,"8,0 M€",1 937 aides,569 entreprises
6 à 9 salariés,3482489.00,623,171,03,#1E88E5,"3,5 M€",623 aides,171 entreprises
Etablissement non employeur,6033923.00,3763,1177,03,#D81B60,"6,0 M€",3 763 aides,1 177 entreprises
Autres Classes d'Effectifs,5280212.00,343,103,03,#AAAAAA,"5,3 M€",343 aides,103 entreprises
0 salarié,9735613.00,3172,724,04,#8E24AA,"9,7 M€",3 172 aides,724 entreprises
1 ou 2 salariés,21222561.00,5930,1407,04,#7E57C2,"21,2 M€",5 930 aides,1 407 entreprises
3 à 5 salariés,9739647.87,1933,458,04,#5C6BC0,"9,7 M€",1 933 aides,458 entreprises
6 à 9 salariés,2691937.00,455,123,04,#1E88E5,"2,7 M€",455 aides,123 entreprises
Etablissement non employeur,3940507.00,2233,559,04,#D81B60,"3,9 M€",2 233 aides,559 entreprises
Autres Classes d'Effectifs,3710360.00,235,68,04,#AAAAAA,"3,7 M€",235 aides,68 entreprises
0 salarié,9627864.00,2918,662,05,#8E24AA,"9,6 M€",2 918 aides,662 entreprises
1 ou 2 salariés,24601257.79,6139,1432,05,#7E57C2,"24,6 M€",6 139 aides,1 432 entreprises
3 à 5 salariés,15486625.20,2759,608,05,#5C6BC0,"15,5 M€",2 759 aides,608 entreprises
6 à 9 salariés,7781758.00,991,241,05,#1E88E5,"7,8 M€",991 aides,241 entreprises
Etablissement non employeur,8851359.00,4566,984,05,#D81B60,"8,9 M€",4 566 aides,984 entreprises
Autres Classes d'Effectifs,9469948.00,583,156,05,#AAAAAA,"9,5 M€",583 aides,156 entreprises
0 salarié,52774697.14,18423,4038,06,#8E24AA,"52,8 M€",18 423 aides,4 038 entreprises
1 ou 2 salariés,146139162.43,43614,10020,06,#7E57C2,"146,1 M€",43 614 aides,10 020 entreprises
3 à 5 salariés,74509123.62,15027,3430,06,#5C6BC0,"74,5 M€",15 027 aides,3 430 entreprises
6 à 9 salariés,39926948.18,5533,1228,06,#1E88E5,"39,9 M€",5 533 aides,1 228 entreprises
Etablissement non employeur,24647570.16,13795,3430,06,#D81B60,"24,6 M€",13 795 aides,3 430 entreprises
Autres Classes d'Effectifs,73079581.00,3538,947,06,#AAAAAA,"73,1 M€",3 538 aides,947 entreprises
0 salarié,17933817.00,5471,1182,07,#8E24AA,"17,9 M€",5 471 aides,1 182 entreprises
1 ou 2 salariés,30120890.11,8499,2109,07,#7E57C2,"30,1 M€",8 499 aides,2 109 entreprises
3 à 5 salariés,10585760.00,2352,653,07,#5C6BC0,"10,6 M€",2 352 aides,653 entreprises
6 à 9 salariés,3474475.00,595,158,07,#1E88E5,"3,5 M€",595 aides,158 entreprises
Etablissement non employeur,5402888.00,3088,836,07,#D81B60,"5,4 M€",3 088 aides,836 entreprises
Autres Classes d'Effectifs,4839542.29,238,78,07,#AAAAAA,"4,8 M€",238 aides,78 entreprises
0 salarié,3452717.00,1413,362,08,#8E24AA,"3,5 M€",1 413 aides,362 entreprises
1 ou 2 salariés,13201749.72,4368,1174,08,#7E57C2,"13,2 M€",4 368 aides,1 174 entreprises
3 à 5 salariés,6200925.26,1505,431,08,#5C6BC0,"6,2 M€",1 505 aides,431 entreprises
6 à 9 salariés,2250189.71,479,145,08,#1E88E5,"2,3 M€",479 aides,145 entreprises
Etablissement non employeur,3209340.00,1790,462,08,#D81B60,"3,2 M€",1 790 aides,462 entreprises
Autres Classes d'Effectifs,3149523.00,260,74,08,#AAAAAA,"3,1 M€",260 aides,74 entreprises
0 salarié,2008401.00,906,247,09,#8E24AA,"2,0 M€",906 aides,247 entreprises
1 ou 2 salariés,11553863.00,3561,908,09,#7E57C2,"11,6 M€",3 561 aides,908 entreprises
3 à 5 salariés,6335731.00,1376,334,09,#5C6BC0,"6,3 M€",1 376 aides,334 entreprises
6 à 9 salariés,1878686.00,376,101,09,#1E88E5,"1,9 M€",376 aides,101 entreprises
Etablissement non employeur,2305293.00,1461,443,09,#D81B60,"2,3 M€",1 461 aides,443 entreprises
Autres Classes d'Effectifs,2136594.00,175,50,09,#AAAAAA,"2,1 M€",175 aides,50 entreprises
0 salarié,6507062.00,2113,637,10,#8E24AA,"6,5 M€",2 113 aides,637 entreprises
1 ou 2 salariés,24808526.52,6257,1779,10,#7E57C2,"24,8 M€",6 257 aides,1 779 entreprises
3 à 5 salariés,11543663.92,2186,627,10,#5C6BC0,"11,5 M€",2 186 aides,627 entreprises
6 à 9 salariés,4199315.00,670,200,10,#1E88E5,"4,2 M€",670 aides,200 entreprises
Etablissement non employeur,9639957.00,2995,1001,10,#D81B60,"9,6 M€",2 995 aides,1 001 entreprises
Autres Classes d'Effectifs,5728557.42,364,113,10,#AAAAAA,"5,7 M€",364 aides,113 entreprises
0 salarié,17895962.89,5823,1276,11,#8E24AA,"17,9 M€",5 823 aides,1 276 entreprises
1 ou 2 salariés,33123389.53,9969,2465,11,#7E57C2,"33,1 M€",9 969 aides,2 465 entreprises
3 à 5 salariés,14218257.92,3251,855,11,#5C6BC0,"14,2 M€",3 251 aides,855 entreprises
6 à 9 salariés,6188011.84,1099,278,11,#1E88E5,"6,2 M€",1 099 aides,278 entreprises
Etablissement non employeur,5394730.00,3163,839,11,#D81B60,"5,4 M€",3 163 aides,839 entreprises
Autres Classes d'Effectifs,8583895.00,518,148,11,#AAAAAA,"8,6 M€",518 aides,148 entreprises
0 salarié,10718213.00,3641,846,12,#8E24AA,"10,7 M€",3 641 aides,846 entreprises
1 ou 2 salariés,23051806.93,7101,1899,12,#7E57C2,"23,1 M€",7 101 aides,1 899 entreprises
3 à 5 salariés,9723813.19,2224,616,12,#5C6BC0,"9,7 M€",2 224 aides,616 entreprises
6 à 9 salariés,4069177.16,767,200,12,#1E88E5,"4,1 M€",767 aides,200 entreprises
Etablissement non employeur,5766419.00,3521,1062,12,#D81B60,"5,8 M€",3 521 aides,1 062 entreprises
Autres Classes d'Effectifs,5551051.00,372,123,12,#AAAAAA,"5,6 M€",372 aides,123 entreprises
0 salarié,56941356.51,21097,4994,13,#8E24AA,"56,9 M€",21 097 aides,4 994 entreprises
1 ou 2 salariés,184508634.24,58023,13923,13,#7E57C2,"184,5 M€",58 023 aides,13 923 entreprises
3 à 5 salariés,95461289.50,20799,4966,13,#5C6BC0,"95,5 M€",20 799 aides,4 966 entreprises
6 à 9 salariés,43857114.17,6879,1631,13,#1E88E5,"43,9 M€",6 879 aides,1 631 entreprises
Etablissement non employeur,27780853.00,16468,4275,13,#D81B60,"27,8 M€",16 468 aides,4 275 entreprises
Autres Classes d'Effectifs,69972680.00,4142,1062,13,#AAAAAA,"70,0 M€",4 142 aides,1 062 entreprises
0 salarié,19104046.00,6226,1474,14,#8E24AA,"19,1 M€",6 226 aides,1 474 entreprises
1 ou 2 salariés,51224935.68,14492,3775,14,#7E57C2,"51,2 M€",14 492 aides,3 775 entreprises
3 à 5 salariés,27955972.45,5649,1432,14,#5C6BC0,"28,0 M€",5 649 aides,1 432 entreprises
6 à 9 salariés,15207622.16,2133,535,14,#1E88E5,"15,2 M€",2 133 aides,535 entreprises
Etablissement non employeur,7382943.00,4060,1113,14,#D81B60,"7,4 M€",4 060 aides,1 113 entreprises
Autres Classes d'Effectifs,21568275.00,1257,352,14,#AAAAAA,"21,6 M€",1 257 aides,352 entreprises
0 salarié,3997383.00,1427,349,15,#8E24AA,"4,0 M€",1 427 aides,349 entreprises
1 ou 2 salariés,13483258.26,3917,1022,15,#7E57C2,"13,5 M€",3 917 aides,1 022 entreprises
3 à 5 salariés,5120604.06,1129,302,15,#5C6BC0,"5,1 M€",1 129 aides,302 entreprises
6 à 9 salariés,1489824.03,299,97,15,#1E88E5,"1,5 M€",299 aides,97 entreprises
Etablissement non employeur,6254166.00,3830,1188,15,#D81B60,"6,3 M€",3 830 aides,1 188 entreprises
Autres Classes d'Effectifs,1863970.00,152,45,15,#AAAAAA,"1,9 M€",152 aides,45 entreprises
0 salarié,5471718.00,2200,565,16,#8E24AA,"5,5 M€",2 200 aides,565 entreprises
1 ou 2 salariés,18751058.12,5896,1651,16,#7E57C2,"18,8 M€",5 896 aides,1 651 entreprises
3 à 5 salariés,8919053.49,2093,606,16,#5C6BC0,"8,9 M€",2 093 aides,606 entreprises
6 à 9 salariés,4546902.00,749,210,16,#1E88E5,"4,5 M€",749 aides,210 entreprises
Etablissement non employeur,3774009.00,2285,633,16,#D81B60,"3,8 M€",2 285 aides,633 entreprises
Autres Classes d'Effectifs,6585977.00,377,110,16,#AAAAAA,"6,6 M€",377 aides,110 entreprises
0 salarié,27439012.63,8633,2125,17,#8E24AA,"27,4 M€",8 633 aides,2 125 entreprises
1 ou 2 salariés,52598965.37,15279,4285,17,#7E57C2,"52,6 M€",15 279 aides,4 285 entreprises
3 à 5 salariés,26305551.61,5272,1488,17,#5C6BC0,"26,3 M€",5 272 aides,1 488 entreprises
6 à 9 salariés,11641487.78,1679,500,17,#1E88E5,"11,6 M€",1 679 aides,500 entreprises
Etablissement non employeur,7767457.00,4453,1340,17,#D81B60,"7,8 M€",4 453 aides,1 340 entreprises
Autres Classes d'Effectifs,18353144.00,890,278,17,#AAAAAA,"18,4 M€",890 aides,278 entreprises
0 salarié,4445245.00,1640,408,18,#8E24AA,"4,4 M€",1 640 aides,408 entreprises
1 ou 2 salariés,15492237.16,4755,1285,18,#7E57C2,"15,5 M€",4 755 aides,1 285 entreprises
3 à 5 salariés,7558273.00,1692,494,18,#5C6BC0,"7,6 M€",1 692 aides,494 entreprises
6 à 9 salariés,3307288.78,557,160,18,#1E88E5,"3,3 M€",557 aides,160 entreprises
Etablissement non employeur,3381110.00,1947,575,18,#D81B60,"3,4 M€",1 947 aides,575 entreprises
Autres Classes d'Effectifs,2941973.00,241,70,18,#AAAAAA,"2,9 M€",241 aides,70 entreprises
0 salarié,5879202.00,2096,510,19,#8E24AA,"5,9 M€",2 096 aides,510 entreprises
1 ou 2 salariés,16408828.66,4931,1343,19,#7E57C2,"16,4 M€",4 931 aides,1 343 entreprises
3 à 5 salariés,6813543.00,1614,457,19,#5C6BC0,"6,8 M€",1 614 aides,457 entreprises
6 à 9 salariés,3514422.00,588,163,19,#1E88E5,"3,5 M€",588 aides,163 entreprises
Etablissement non employeur,4095517.00,2394,761,19,#D81B60,"4,1 M€",2 394 aides,761 entreprises
Autres Classes d'Effectifs,4029612.00,298,84,19,#AAAAAA,"4,0 M€",298 aides,84 entreprises
0 salarié,10061122.49,3710,960,21,#8E24AA,"10,1 M€",3 710 aides,960 entreprises
1 ou 2 salariés,34869667.52,9827,2542,21,#7E57C2,"34,9 M€",9 827 aides,2 542 entreprises
3 à 5 salariés,18962432.09,3974,1043,21,#5C6BC0,"19,0 M€",3 974 aides,1 043 entreprises
6 à 9 salariés,10217691.48,1458,341,21,#1E88E5,"10,2 M€",1 458 aides,341 entreprises
Etablissement non employeur,6176055.05,3410,963,21,#D81B60,"6,2 M€",3 410 aides,963 entreprises
Autres Classes d'Effectifs,16255983.00,903,248,21,#AAAAAA,"16,3 M€",903 aides,248 entreprises
0 salarié,17375664.92,5353,1258,22,#8E24AA,"17,4 M€",5 353 aides,1 258 entreprises
1 ou 2 salariés,44260596.05,12172,3106,22,#7E57C2,"44,3 M€",12 172 aides,3 106 entreprises
3 à 5 salariés,18362593.63,3834,1031,22,#5C6BC0,"18,4 M€",3 834 aides,1 031 entreprises
6 à 9 salariés,7026018.00,1106,338,22,#1E88E5,"7,0 M€",1 106 aides,338 entreprises
Etablissement non employeur,7293259.00,4096,1174,22,#D81B60,"7,3 M€",4 096 aides,1 174 entreprises
Autres Classes d'Effectifs,9702418.00,503,153,22,#AAAAAA,"9,7 M€",503 aides,153 entreprises
0 salarié,1790706.00,731,169,23,#8E24AA,"1,8 M€",731 aides,169 entreprises
1 ou 2 salariés,5867977.27,1981,542,23,#7E57C2,"5,9 M€",1 981 aides,542 entreprises
3 à 5 salariés,2704642.63,692,182,23,#5C6BC0,"2,7 M€",692 aides,182 entreprises
6 à 9 salariés,714618.00,128,38,23,#1E88E5,"0,7 M€",128 aides,38 entreprises
Etablissement non employeur,1698505.00,1012,318,23,#D81B60,"1,7 M€",1 012 aides,318 entreprises
Autres Classes d'Effectifs,916261.00,63,20,23,#AAAAAA,"0,9 M€",63 aides,20 entreprises
0 salarié,17473107.28,5709,1267,24,#8E24AA,"17,5 M€",5 709 aides,1 267 entreprises
1 ou 2 salariés,34479754.41,10201,2700,24,#7E57C2,"34,5 M€",10 201 aides,2 700 entreprises
3 à 5 salariés,13741086.95,3113,861,24,#5C6BC0,"13,7 M€",3 113 aides,861 entreprises
6 à 9 salariés,5242401.00,903,276,24,#1E88E5,"5,2 M€",903 aides,276 entreprises
Etablissement non employeur,6573479.00,3872,1148,24,#D81B60,"6,6 M€",3 872 aides,1 148 entreprises
Autres Classes d'Effectifs,6964643.07,478,143,24,#AAAAAA,"7,0 M€",478 aides,143 entreprises
0 salarié,9279891.00,3344,824,25,#8E24AA,"9,3 M€",3 344 aides,824 entreprises
1 ou 2 salariés,29034699.91,8733,2328,25,#7E57C2,"29,0 M€",8 733 aides,2 328 entreprises
3 à 5 salariés,16474002.08,3486,877,25,#5C6BC0,"16,5 M€",3 486 aides,877 entreprises
6 à 9 salariés,7528957.00,1226,323,25,#1E88E5,"7,5 M€",1 226 aides,323 entreprises
Etablissement non employeur,4582217.00,2613,727,25,#D81B60,"4,6 M€",2 613 aides,727 entreprises
Autres Classes d'Effectifs,9160781.44,648,192,25,#AAAAAA,"9,2 M€",648 aides,192 entreprises
0 salarié,17187148.00,6239,1523,26,#8E24AA,"17,2 M€",6 239 aides,1 523 entreprises
1 ou 2 salariés,43515472.20,12816,3324,26,#7E57C2,"43,5 M€",12 816 aides,3 324 entreprises
3 à 5 salariés,19159237.04,4346,1149,26,#5C6BC0,"19,2 M€",4 346 aides,1 149 entreprises
6 à 9 salariés,7341917.00,1247,352,26,#1E88E5,"7,3 M€",1 247 aides,352 entreprises
Etablissement non employeur,7138304.00,4433,1160,26,#D81B60,"7,1 M€",4 433 aides,1 160 entreprises
Autres Classes d'Effectifs,12285049.52,739,228,26,#AAAAAA,"12,3 M€",739 aides,228 entreprises
0 salarié,8384701.32,3274,846,27,#8E24AA,"8,4 M€",3 274 aides,846 entreprises
1 ou 2 salariés,28951742.56,9161,2518,27,#7E57C2,"29,0 M€",9 161 aides,2 518 entreprises
3 à 5 salariés,14226447.25,3320,936,27,#5C6BC0,"14,2 M€",3 320 aides,936 entreprises
6 à 9 salariés,5175177.00,986,281,27,#1E88E5,"5,2 M€",986 aides,281 entreprises
Etablissement non employeur,5027779.00,2827,786,27,#D81B60,"5,0 M€",2 827 aides,786 entreprises
Autres Classes d'Effectifs,7463435.08,431,130,27,#AAAAAA,"7,5 M€",431 aides,130 entreprises
0 salarié,5169929.00,2084,560,28,#8E24AA,"5,2 M€",2 084 aides,560 entreprises
1 ou 2 salariés,20157157.29,6513,1771,28,#7E57C2,"20,2 M€",6 513 aides,1 771 entreprises
3 à 5 salariés,9648129.00,2313,678,28,#5C6BC0,"9,6 M€",2 313 aides,678 entreprises
6 à 9 salariés,4475605.00,751,212,28,#1E88E5,"4,5 M€",751 aides,212 entreprises
Etablissement non employeur,3283168.00,1869,527,28,#D81B60,"3,3 M€",1 869 aides,527 entreprises
Autres Classes d'Effectifs,5315237.00,317,86,28,#AAAAAA,"5,3 M€",317 aides,86 entreprises
0 salarié,21742270.00,7009,1732,29,#8E24AA,"21,7 M€",7 009 aides,1 732 entreprises
1 ou 2 salariés,61926236.28,16728,4248,29,#7E57C2,"61,9 M€",16 728 aides,4 248 entreprises
3 à 5 salariés,33082464.43,6666,1749,29,#5C6BC0,"33,1 M€",6 666 aides,1 749 entreprises
6 à 9 salariés,13443473.88,2041,536,29,#1E88E5,"13,4 M€",2 041 aides,536 entreprises
Etablissement non employeur,9506379.00,5279,1514,29,#D81B60,"9,5 M€",5 279 aides,1 514 entreprises
Autres Classes d'Effectifs,19104359.00,1136,329,29,#AAAAAA,"19,1 M€",1 136 aides,329 entreprises
0 salarié,6304136.00,2188,475,2A,#8E24AA,"6,3 M€",2 188 aides,475 entreprises
1 ou 2 salariés,28905840.01,8161,1840,2A,#7E57C2,"28,9 M€",8 161 aides,1 840 entreprises
3 à 5 salariés,23809064.00,4697,1027,2A,#5C6BC0,"23,8 M€",4 697 aides,1 027 entreprises
6 à 9 salariés,10877590.00,1531,369,2A,#1E88E5,"10,9 M€",1 531 aides,369 entreprises
Etablissement non employeur,3027546.00,1658,515,2A,#D81B60,"3,0 M€",1 658 aides,515 entreprises
Autres Classes d'Effectifs,15801553.00,873,227,2A,#AAAAAA,"15,8 M€",873 aides,227 entreprises
0 salarié,18776308.16,5249,1027,2B,#8E24AA,"18,8 M€",5 249 aides,1 027 entreprises
1 ou 2 salariés,30767615.60,8640,1938,2B,#7E57C2,"30,8 M€",8 640 aides,1 938 entreprises
3 à 5 salariés,13751281.02,2851,707,2B,#5C6BC0,"13,8 M€",2 851 aides,707 entreprises
6 à 9 salariés,5905080.00,874,222,2B,#1E88E5,"5,9 M€",874 aides,222 entreprises
Etablissement non employeur,5120906.00,3027,706,2B,#D81B60,"5,1 M€",3 027 aides,706 entreprises
Autres Classes d'Effectifs,6698911.00,347,124,2B,#AAAAAA,"6,7 M€",347 aides,124 entreprises
0 salarié,25526580.30,9022,2118,30,#8E24AA,"25,5 M€",9 022 aides,2 118 entreprises
1 ou 2 salariés,65130444.59,20343,5153,30,#7E57C2,"65,1 M€",20 343 aides,5 153 entreprises
3 à 5 salariés,27620613.00,6213,1691,30,#5C6BC0,"27,6 M€",6 213 aides,1 691 entreprises
6 à 9 salariés,10645629.10,1786,505,30,#1E88E5,"10,6 M€",1 786 aides,505 entreprises
Etablissement non employeur,12157761.00,7160,1884,30,#D81B60,"12,2 M€",7 160 aides,1 884 entreprises
Autres Classes d'Effectifs,14097675.00,809,252,30,#AAAAAA,"14,1 M€",809 aides,252 entreprises
0 salarié,29184623.00,11813,3065,31,#8E24AA,"29,2 M€",11 813 aides,3 065 entreprises
1 ou 2 salariés,91092630.05,29067,7616,31,#7E57C2,"91,1 M€",29 067 aides,7 616 entreprises
3 à 5 salariés,53476421.87,11711,3039,31,#5C6BC0,"53,5 M€",11 711 aides,3 039 entreprises
6 à 9 salariés,26637831.57,4332,1116,31,#1E88E5,"26,6 M€",4 332 aides,1 116 entreprises
Etablissement non employeur,16916354.00,10179,2881,31,#D81B60,"16,9 M€",10 179 aides,2 881 entreprises
Autres Classes d'Effectifs,43906428.66,2548,714,31,#AAAAAA,"43,9 M€",2 548 aides,714 entreprises
0 salarié,5478268.76,2035,508,32,#8E24AA,"5,5 M€",2 035 aides,508 entreprises
1 ou 2 salariés,14349847.12,4377,1212,32,#7E57C2,"14,3 M€",4 377 aides,1 212 entreprises
3 à 5 salariés,5525375.60,1378,395,32,#5C6BC0,"5,5 M€",1 378 aides,395 entreprises
6 à 9 salariés,2025895.00,398,117,32,#1E88E5,"2,0 M€",398 aides,117 entreprises
Etablissement non employeur,3519301.00,2093,626,32,#D81B60,"3,5 M€",2 093 aides,626 entreprises
Autres Classes d'Effectifs,2932435.00,237,68,32,#AAAAAA,"2,9 M€",237 aides,68 entreprises
0 salarié,47955933.07,16879,4451,33,#8E24AA,"48,0 M€",16 879 aides,4 451 entreprises
1 ou 2 salariés,116553524.12,35238,9828,33,#7E57C2,"116,6 M€",35 238 aides,9 828 entreprises
3 à 5 salariés,66013474.42,14074,3851,33,#5C6BC0,"66,0 M€",14 074 aides,3 851 entreprises
6 à 9 salariés,33912298.00,5471,1461,33,#1E88E5,"33,9 M€",5 471 aides,1 461 entreprises
Etablissement non employeur,21590432.00,11461,3407,33,#D81B60,"21,6 M€",11 461 aides,3 407 entreprises
Autres Classes d'Effectifs,56368701.00,3177,899,33,#AAAAAA,"56,4 M€",3 177 aides,899 entreprises
0 salarié,54711604.76,18112,4077,34,#8E24AA,"54,7 M€",18 112 aides,4 077 entreprises
1 ou 2 salariés,117491791.78,36216,9021,34,#7E57C2,"117,5 M€",36 216 aides,9 021 entreprises
3 à 5 salariés,54436972.29,11888,3037,34,#5C6BC0,"54,4 M€",11 888 aides,3 037 entreprises
6 à 9 salariés,25540351.07,3941,1031,34,#1E88E5,"25,5 M€",3 941 aides,1 031 entreprises
Etablissement non employeur,17954190.00,10399,2821,34,#D81B60,"18,0 M€",10 399 aides,2 821 entreprises
Autres Classes d'Effectifs,35094553.42,2093,603,34,#AAAAAA,"35,1 M€",2 093 aides,603 entreprises
0 salarié,19313918.38,6672,1642,35,#8E24AA,"19,3 M€",6 672 aides,1 642 entreprises
1 ou 2 salariés,68052490.45,18834,4834,35,#7E57C2,"68,1 M€",18 834 aides,4 834 entreprises
3 à 5 salariés,35973800.44,7356,1993,35,#5C6BC0,"36,0 M€",7 356 aides,1 993 entreprises
6 à 9 salariés,18846662.57,2792,755,35,#1E88E5,"18,8 M€",2 792 aides,755 entreprises
Etablissement non employeur,9996395.00,5312,1468,35,#D81B60,"10,0 M€",5 312 aides,1 468 entreprises
Autres Classes d'Effectifs,27745745.71,1611,505,35,#AAAAAA,"27,7 M€",1 611 aides,505 entreprises
0 salarié,3122594.00,1128,284,36,#8E24AA,"3,1 M€",1 128 aides,284 entreprises
1 ou 2 salariés,11545012.00,3695,965,36,#7E57C2,"11,5 M€",3 695 aides,965 entreprises
3 à 5 salariés,6275955.00,1380,403,36,#5C6BC0,"6,3 M€",1 380 aides,403 entreprises
6 à 9 salariés,1969912.00,396,122,36,#1E88E5,"2,0 M€",396 aides,122 entreprises
Etablissement non employeur,2570089.00,1576,402,36,#D81B60,"2,6 M€",1 576 aides,402 entreprises
Autres Classes d'Effectifs,3160107.00,200,62,36,#AAAAAA,"3,2 M€",200 aides,62 entreprises
0 salarié,12267925.00,4313,1062,37,#8E24AA,"12,3 M€",4 313 aides,1 062 entreprises
1 ou 2 salariés,39132867.72,11309,2974,37,#7E57C2,"39,1 M€",11 309 aides,2 974 entreprises
3 à 5 salariés,20726462.19,4470,1159,37,#5C6BC0,"20,7 M€",4 470 aides,1 159 entreprises
6 à 9 salariés,9938398.31,1498,377,37,#1E88E5,"9,9 M€",1 498 aides,377 entreprises
Etablissement non employeur,6985875.00,3717,999,37,#D81B60,"7,0 M€",3 717 aides,999 entreprises
Autres Classes d'Effectifs,11712181.00,751,220,37,#AAAAAA,"11,7 M€",751 aides,220 entreprises
0 salarié,28720451.00,11028,2871,38,#8E24AA,"28,7 M€",11 028 aides,2 871 entreprises
1 ou 2 salariés,90987766.72,26639,6884,38,#7E57C2,"91,0 M€",26 639 aides,6 884 entreprises
3 à 5 salariés,49087977.19,10206,2663,38,#5C6BC0,"49,1 M€",10 206 aides,2 663 entreprises
6 à 9 salariés,23366275.86,3471,875,38,#1E88E5,"23,4 M€",3 471 aides,875 entreprises
Etablissement non employeur,19832187.00,10304,2675,38,#D81B60,"19,8 M€",10 304 aides,2 675 entreprises
Autres Classes d'Effectifs,30005382.00,1776,509,38,#AAAAAA,"30,0 M€",1 776 aides,509 entreprises
0 salarié,5497647.00,2137,564,39,#8E24AA,"5,5 M€",2 137 aides,564 entreprises
1 ou 2 salariés,18459457.11,5365,1383,39,#7E57C2,"18,5 M€",5 365 aides,1 383 entreprises
3 à 5 salariés,8534171.64,1773,492,39,#5C6BC0,"8,5 M€",1 773 aides,492 entreprises
6 à 9 salariés,3539320.34,595,162,39,#1E88E5,"3,5 M€",595 aides,162 entreprises
Etablissement non employeur,3374597.00,1814,481,39,#D81B60,"3,4 M€",1 814 aides,481 entreprises
Autres Classes d'Effectifs,5393414.00,337,100,39,#AAAAAA,"5,4 M€",337 aides,100 entreprises
0 salarié,19001171.00,5948,1410,40,#8E24AA,"19,0 M€",5 948 aides,1 410 entreprises
1 ou 2 salariés,31566198.97,9451,2543,40,#7E57C2,"31,6 M€",9 451 aides,2 543 entreprises
3 à 5 salariés,13429170.03,3078,881,40,#5C6BC0,"13,4 M€",3 078 aides,881 entreprises
6 à 9 salariés,6431144.00,1003,290,40,#1E88E5,"6,4 M€",1 003 aides,290 entreprises
Etablissement non employeur,4908874.00,2782,799,40,#D81B60,"4,9 M€",2 782 aides,799 entreprises
Autres Classes d'Effectifs,10123527.00,593,167,40,#AAAAAA,"10,1 M€",593 aides,167 entreprises
0 salarié,5622841.00,1953,500,41,#8E24AA,"5,6 M€",1 953 aides,500 entreprises
1 ou 2 salariés,20841618.00,6109,1656,41,#7E57C2,"20,8 M€",6 109 aides,1 656 entreprises
3 à 5 salariés,9353232.00,2186,628,41,#5C6BC0,"9,4 M€",2 186 aides,628 entreprises
6 à 9 salariés,2802777.00,514,161,41,#1E88E5,"2,8 M€",514 aides,161 entreprises
Etablissement non employeur,3589905.00,1908,535,41,#D81B60,"3,6 M€",1 908 aides,535 entreprises
Autres Classes d'Effectifs,5897410.00,349,110,41,#AAAAAA,"5,9 M€",349 aides,110 entreprises
0 salarié,14953165.00,5966,1538,42,#8E24AA,"15,0 M€",5 966 aides,1 538 entreprises
1 ou 2 salariés,48859796.28,15195,4016,42,#7E57C2,"48,9 M€",15 195 aides,4 016 entreprises
3 à 5 salariés,22430498.21,5263,1489,42,#5C6BC0,"22,4 M€",5 263 aides,1 489 entreprises
6 à 9 salariés,9178811.73,1586,461,42,#1E88E5,"9,2 M€",1 586 aides,461 entreprises
Etablissement non employeur,9949182.00,5831,1568,42,#D81B60,"9,9 M€",5 831 aides,1 568 entreprises
Autres Classes d'Effectifs,12315765.05,903,263,42,#AAAAAA,"12,3 M€",903 aides,263 entreprises
0 salarié,6796500.92,2466,576,43,#8E24AA,"6,8 M€",2 466 aides,576 entreprises
1 ou 2 salariés,17816262.43,5405,1395,43,#7E57C2,"17,8 M€",5 405 aides,1 395 entreprises
3 à 5 salariés,7097547.96,1646,440,43,#5C6BC0,"7,1 M€",1 646 aides,440 entreprises
6 à 9 salariés,2781676.00,455,127,43,#1E88E5,"2,8 M€",455 aides,127 entreprises
Etablissement non employeur,4182776.00,2353,688,43,#D81B60,"4,2 M€",2 353 aides,688 entreprises
Autres Classes d'Effectifs,2503817.00,159,49,43,#AAAAAA,"2,5 M€",159 aides,49 entreprises
0 salarié,28064996.85,10017,2528,44,#8E24AA,"28,1 M€",10 017 aides,2 528 entreprises
1 ou 2 salariés,83398102.07,23610,6430,44,#7E57C2,"83,4 M€",23 610 aides,6 430 entreprises
3 à 5 salariés,48748938.73,10301,2682,44,#5C6BC0,"48,7 M€",10 301 aides,2 682 entreprises
6 à 9 salariés,22145565.92,3406,950,44,#1E88E5,"22,1 M€",3 406 aides,950 entreprises
Etablissement non employeur,12286122.00,6810,1963,44,#D81B60,"12,3 M€",6 810 aides,1 963 entreprises
Autres Classes d'Effectifs,35404991.00,1889,585,44,#AAAAAA,"35,4 M€",1 889 aides,585 entreprises
0 salarié,8992584.00,3410,917,45,#8E24AA,"9,0 M€",3 410 aides,917 entreprises
1 ou 2 salariés,33840580.44,10578,2860,45,#7E57C2,"33,8 M€",10 578 aides,2 860 entreprises
3 à 5 salariés,20016444.56,4412,1194,45,#5C6BC0,"20,0 M€",4 412 aides,1 194 entreprises
6 à 9 salariés,7540520.17,1214,340,45,#1E88E5,"7,5 M€",1 214 aides,340 entreprises
Etablissement non employeur,5730365.00,3231,883,45,#D81B60,"5,7 M€",3 231 aides,883 entreprises
Autres Classes d'Effectifs,11185879.00,747,219,45,#AAAAAA,"11,2 M€",747 aides,219 entreprises
0 salarié,8398797.98,2702,606,46,#8E24AA,"8,4 M€",2 702 aides,606 entreprises
1 ou 2 salariés,15098965.00,4415,1142,46,#7E57C2,"15,1 M€",4 415 aides,1 142 entreprises
3 à 5 salariés,6186743.00,1368,378,46,#5C6BC0,"6,2 M€",1 368 aides,378 entreprises
6 à 9 salariés,2286559.00,383,117,46,#1E88E5,"2,3 M€",383 aides,117 entreprises
Etablissement non employeur,3201279.00,1984,633,46,#D81B60,"3,2 M€",1 984 aides,633 entreprises
Autres Classes d'Effectifs,2936084.00,181,51,46,#AAAAAA,"2,9 M€",181 aides,51 entreprises
0 salarié,8271127.22,3028,765,47,#8E24AA,"8,3 M€",3 028 aides,765 entreprises
1 ou 2 salariés,19624794.57,6366,1789,47,#7E57C2,"19,6 M€",6 366 aides,1 789 entreprises
3 à 5 salariés,9743271.95,2322,676,47,#5C6BC0,"9,7 M€",2 322 aides,676 entreprises
6 à 9 salariés,3192513.72,621,204,47,#1E88E5,"3,2 M€",621 aides,204 entreprises
Etablissement non employeur,4142949.00,2430,734,47,#D81B60,"4,1 M€",2 430 aides,734 entreprises
Autres Classes d'Effectifs,5075472.20,319,88,47,#AAAAAA,"5,1 M€",319 aides,88 entreprises
0 salarié,5512739.00,1506,332,48,#8E24AA,"5,5 M€",1 506 aides,332 entreprises
1 ou 2 salariés,7609294.59,2188,557,48,#7E57C2,"7,6 M€",2 188 aides,557 entreprises
3 à 5 salariés,3396366.00,716,184,48,#5C6BC0,"3,4 M€",716 aides,184 entreprises
6 à 9 salariés,731005.00,153,48,48,#1E88E5,"0,7 M€",153 aides,48 entreprises
Etablissement non employeur,2648632.00,1655,514,48,#D81B60,"2,6 M€",1 655 aides,514 entreprises
Autres Classes d'Effectifs,1383174.00,86,31,48,#AAAAAA,"1,4 M€",86 aides,31 entreprises
0 salarié,11820596.02,4393,1139,49,#8E24AA,"11,8 M€",4 393 aides,1 139 entreprises
1 ou 2 salariés,47481044.91,13654,3668,49,#7E57C2,"47,5 M€",13 654 aides,3 668 entreprises
3 à 5 salariés,22888833.15,4975,1435,49,#5C6BC0,"22,9 M€",4 975 aides,1 435 entreprises
6 à 9 salariés,10167251.05,1647,498,49,#1E88E5,"10,2 M€",1 647 aides,498 entreprises
Etablissement non employeur,7250085.00,3926,1127,49,#D81B60,"7,3 M€",3 926 aides,1 127 entreprises
Autres Classes d'Effectifs,16086054.96,1034,304,49,#AAAAAA,"16,1 M€",1 034 aides,304 entreprises
0 salarié,11956070.82,3935,935,50,#8E24AA,"12,0 M€",3 935 aides,935 entreprises
1 ou 2 salariés,33741479.29,9472,2473,50,#7E57C2,"33,7 M€",9 472 aides,2 473 entreprises
3 à 5 salariés,15761150.00,3392,930,50,#5C6BC0,"15,8 M€",3 392 aides,930 entreprises
6 à 9 salariés,7395167.43,1158,325,50,#1E88E5,"7,4 M€",1 158 aides,325 entreprises
Etablissement non employeur,4879042.00,2731,771,50,#D81B60,"4,9 M€",2 731 aides,771 entreprises
Autres Classes d'Effectifs,7091084.00,469,140,50,#AAAAAA,"7,1 M€",469 aides,140 entreprises
0 salarié,14751618.89,4376,1355,51,#8E24AA,"14,8 M€",4 376 aides,1 355 entreprises
1 ou 2 salariés,57496270.78,13219,4107,51,#7E57C2,"57,5 M€",13 219 aides,4 107 entreprises
3 à 5 salariés,26784405.00,4931,1533,51,#5C6BC0,"26,8 M€",4 931 aides,1 533 entreprises
6 à 9 salariés,11956260.00,1675,489,51,#1E88E5,"12,0 M€",1 675 aides,489 entreprises
Etablissement non employeur,30393189.00,8781,3256,51,#D81B60,"30,4 M€",8 781 aides,3 256 entreprises
Autres Classes d'Effectifs,16691062.00,928,257,51,#AAAAAA,"16,7 M€",928 aides,257 entreprises
0 salarié,2245861.00,924,252,52,#8E24AA,"2,2 M€",924 aides,252 entreprises
1 ou 2 salariés,7933551.14,2582,702,52,#7E57C2,"7,9 M€",2 582 aides,702 entreprises
3 à 5 salariés,3951301.00,941,258,52,#5C6BC0,"4,0 M€",941 aides,258 entreprises
6 à 9 salariés,1878728.00,335,100,52,#1E88E5,"1,9 M€",335 aides,100 entreprises
Etablissement non employeur,1857608.00,1036,295,52,#D81B60,"1,9 M€",1 036 aides,295 entreprises
Autres Classes d'Effectifs,2511790.00,215,58,52,#AAAAAA,"2,5 M€",215 aides,58 entreprises
0 salarié,4626664.00,1742,445,53,#8E24AA,"4,6 M€",1 742 aides,445 entreprises
1 ou 2 salariés,15156841.81,4702,1301,53,#7E57C2,"15,2 M€",4 702 aides,1 301 entreprises
3 à 5 salariés,7448164.54,1684,498,53,#5C6BC0,"7,4 M€",1 684 aides,498 entreprises
6 à 9 salariés,2966177.00,523,163,53,#1E88E5,"3,0 M€",523 aides,163 entreprises
Etablissement non employeur,2622119.00,1468,398,53,#D81B60,"2,6 M€",1 468 aides,398 entreprises
Autres Classes d'Effectifs,3433538.00,248,76,53,#AAAAAA,"3,4 M€",248 aides,76 entreprises
0 salarié,8746695.00,3387,901,54,#8E24AA,"8,7 M€",3 387 aides,901 entreprises
1 ou 2 salariés,34477480.73,10627,2814,54,#7E57C2,"34,5 M€",10 627 aides,2 814 entreprises
3 à 5 salariés,16370542.88,3868,1057,54,#5C6BC0,"16,4 M€",3 868 aides,1 057 entreprises
6 à 9 salariés,7921712.00,1321,386,54,#1E88E5,"7,9 M€",1 321 aides,386 entreprises
Etablissement non employeur,6688846.00,3887,990,54,#D81B60,"6,7 M€",3 887 aides,990 entreprises
Autres Classes d'Effectifs,12494367.00,884,237,54,#AAAAAA,"12,5 M€",884 aides,237 entreprises
0 salarié,2283808.00,954,247,55,#8E24AA,"2,3 M€",954 aides,247 entreprises
1 ou 2 salariés,8307118.00,2614,703,55,#7E57C2,"8,3 M€",2 614 aides,703 entreprises
3 à 5 salariés,3695441.00,889,240,55,#5C6BC0,"3,7 M€",889 aides,240 entreprises
6 à 9 salariés,1560825.00,291,83,55,#1E88E5,"1,6 M€",291 aides,83 entreprises
Etablissement non employeur,1809225.00,1098,297,55,#D81B60,"1,8 M€",1 098 aides,297 entreprises
Autres Classes d'Effectifs,1962410.00,130,38,55,#AAAAAA,"2,0 M€",130 aides,38 entreprises
0 salarié,25099945.00,7603,1793,56,#8E24AA,"25,1 M€",7 603 aides,1 793 entreprises
1 ou 2 salariés,59416874.35,15938,4107,56,#7E57C2,"59,4 M€",15 938 aides,4 107 entreprises
3 à 5 salariés,29312568.73,5963,1585,56,#5C6BC0,"29,3 M€",5 963 aides,1 585 entreprises
6 à 9 salariés,12454044.00,1822,519,56,#1E88E5,"12,5 M€",1 822 aides,519 entreprises
Etablissement non employeur,9484275.00,5082,1392,56,#D81B60,"9,5 M€",5 082 aides,1 392 entreprises
Autres Classes d'Effectifs,14240315.92,866,268,56,#AAAAAA,"14,2 M€",866 aides,268 entreprises
0 salarié,11157839.00,4629,1273,57,#8E24AA,"11,2 M€",4 629 aides,1 273 entreprises
1 ou 2 salariés,48518397.16,15958,4268,57,#7E57C2,"48,5 M€",15 958 aides,4 268 entreprises
3 à 5 salariés,31440640.56,7272,1953,57,#5C6BC0,"31,4 M€",7 272 aides,1 953 entreprises
6 à 9 salariés,15160523.00,2666,707,57,#1E88E5,"15,2 M€",2 666 aides,707 entreprises
Etablissement non employeur,7354839.00,4122,1148,57,#D81B60,"7,4 M€",4 122 aides,1 148 entreprises
Autres Classes d'Effectifs,18607949.34,1173,331,57,#AAAAAA,"18,6 M€",1 173 aides,331 entreprises
0 salarié,4160617.92,1442,348,58,#8E24AA,"4,2 M€",1 442 aides,348 entreprises
1 ou 2 salariés,12981554.90,3789,1003,58,#7E57C2,"13,0 M€",3 789 aides,1 003 entreprises
3 à 5 salariés,5219302.61,1230,347,58,#5C6BC0,"5,2 M€",1 230 aides,347 entreprises
6 à 9 salariés,1578205.00,254,86,58,#1E88E5,"1,6 M€",254 aides,86 entreprises
Etablissement non employeur,2791662.00,1578,423,58,#D81B60,"2,8 M€",1 578 aides,423 entreprises
Autres Classes d'Effectifs,2463770.00,198,57,58,#AAAAAA,"2,5 M€",198 aides,57 entreprises
0 salarié,33187933.01,13381,3283,59,#8E24AA,"33,2 M€",13 381 aides,3 283 entreprises
1 ou 2 salariés,124837148.72,38690,9747,59,#7E57C2,"124,8 M€",38 690 aides,9 747 entreprises
3 à 5 salariés,72515113.87,15608,3891,59,#5C6BC0,"72,5 M€",15 608 aides,3 891 entreprises
6 à 9 salariés,32697995.96,5501,1434,59,#1E88E5,"32,7 M€",5 501 aides,1 434 entreprises
Etablissement non employeur,18335563.00,10694,2844,59,#D81B60,"18,3 M€",10 694 aides,2 844 entreprises
Autres Classes d'Effectifs,52455973.00,3129,900,59,#AAAAAA,"52,5 M€",3 129 aides,900 entreprises
0 salarié,9955875.17,3893,1032,60,#8E24AA,"10,0 M€",3 893 aides,1 032 entreprises
1 ou 2 salariés,37267577.85,12160,3246,60,#7E57C2,"37,3 M€",12 160 aides,3 246 entreprises
3 à 5 salariés,20157643.23,4677,1288,60,#5C6BC0,"20,2 M€",4 677 aides,1 288 entreprises
6 à 9 salariés,7606393.00,1447,411,60,#1E88E5,"7,6 M€",1 447 aides,411 entreprises
Etablissement non employeur,5850849.00,3359,968,60,#D81B60,"5,9 M€",3 359 aides,968 entreprises
Autres Classes d'Effectifs,14356605.00,785,238,60,#AAAAAA,"14,4 M€",785 aides,238 entreprises
0 salarié,4647189.09,1761,443,61,#8E24AA,"4,6 M€",1 761 aides,443 entreprises
1 ou 2 salariés,16765161.48,5069,1349,61,#7E57C2,"16,8 M€",5 069 aides,1 349 entreprises
3 à 5 salariés,6381830.00,1539,432,61,#5C6BC0,"6,4 M€",1 539 aides,432 entreprises
6 à 9 salariés,1991209.48,405,124,61,#1E88E5,"2,0 M€",405 aides,124 entreprises
Etablissement non employeur,3453227.00,1842,512,61,#D81B60,"3,5 M€",1 842 aides,512 entreprises
Autres Classes d'Effectifs,2903787.00,167,55,61,#AAAAAA,"2,9 M€",167 aides,55 entreprises
0 salarié,15981117.00,6709,1713,62,#8E24AA,"16,0 M€",6 709 aides,1 713 entreprises
1 ou 2 salariés,65047805.13,20610,5429,62,#7E57C2,"65,0 M€",20 610 aides,5 429 entreprises
3 à 5 salariés,32579135.84,7383,2004,62,#5C6BC0,"32,6 M€",7 383 aides,2 004 entreprises
6 à 9 salariés,15541778.92,2683,737,62,#1E88E5,"15,5 M€",2 683 aides,737 entreprises
Etablissement non employeur,11131534.65,6630,1745,62,#D81B60,"11,1 M€",6 630 aides,1 745 entreprises
Autres Classes d'Effectifs,26347877.13,1506,447,62,#AAAAAA,"26,3 M€",1 506 aides,447 entreprises
0 salarié,13756457.00,5203,1261,63,#8E24AA,"13,8 M€",5 203 aides,1 261 entreprises
1 ou 2 salariés,46412437.65,13865,3483,63,#7E57C2,"46,4 M€",13 865 aides,3 483 entreprises
3 à 5 salariés,24738675.49,5264,1374,63,#5C6BC0,"24,7 M€",5 264 aides,1 374 entreprises
6 à 9 salariés,10300270.25,1691,446,63,#1E88E5,"10,3 M€",1 691 aides,446 entreprises
Etablissement non employeur,9554971.00,5341,1415,63,#D81B60,"9,6 M€",5 341 aides,1 415 entreprises
Autres Classes d'Effectifs,14495291.96,997,274,63,#AAAAAA,"14,5 M€",997 aides,274 entreprises
0 salarié,23091594.70,7780,1827,64,#8E24AA,"23,1 M€",7 780 aides,1 827 entreprises
1 ou 2 salariés,61735881.06,18091,4775,64,#7E57C2,"61,7 M€",18 091 aides,4 775 entreprises
3 à 5 salariés,31718103.57,6825,1799,64,#5C6BC0,"31,7 M€",6 825 aides,1 799 entreprises
6 à 9 salariés,15468329.36,2418,652,64,#1E88E5,"15,5 M€",2 418 aides,652 entreprises
Etablissement non employeur,10811180.00,6316,1856,64,#D81B60,"10,8 M€",6 316 aides,1 856 entreprises
Autres Classes d'Effectifs,22021625.04,1266,391,64,#AAAAAA,"22,0 M€",1 266 aides,391 entreprises
0 salarié,13067955.00,3672,711,65,#8E24AA,"13,1 M€",3 672 aides,711 entreprises
1 ou 2 salariés,25770406.22,6932,1632,65,#7E57C2,"25,8 M€",6 932 aides,1 632 entreprises
3 à 5 salariés,13879372.39,2612,637,65,#5C6BC0,"13,9 M€",2 612 aides,637 entreprises
6 à 9 salariés,6139496.00,831,187,65,#1E88E5,"6,1 M€",831 aides,187 entreprises
Etablissement non employeur,6777050.00,3672,831,65,#D81B60,"6,8 M€",3 672 aides,831 entreprises
Autres Classes d'Effectifs,7869436.17,487,122,65,#AAAAAA,"7,9 M€",487 aides,122 entreprises
0 salarié,27469018.37,8651,1887,66,#8E24AA,"27,5 M€",8 651 aides,1 887 entreprises
1 ou 2 salariés,44266721.98,13398,3417,66,#7E57C2,"44,3 M€",13 398 aides,3 417 entreprises
3 à 5 salariés,22182082.03,4647,1208,66,#5C6BC0,"22,2 M€",4 647 aides,1 208 entreprises
6 à 9 salariés,9469299.47,1472,410,66,#1E88E5,"9,5 M€",1 472 aides,410 entreprises
Etablissement non employeur,7587195.00,4521,1188,66,#D81B60,"7,6 M€",4 521 aides,1 188 entreprises
Autres Classes d'Effectifs,15127188.00,761,224,66,#AAAAAA,"15,1 M€",761 aides,224 entreprises
0 salarié,22197732.00,8135,2083,67,#8E24AA,"22,2 M€",8 135 aides,2 083 entreprises
1 ou 2 salariés,78718202.23,24501,6654,67,#7E57C2,"78,7 M€",24 501 aides,6 654 entreprises
3 à 5 salariés,48031506.23,10520,2756,67,#5C6BC0,"48,0 M€",10 520 aides,2 756 entreprises
6 à 9 salariés,27528428.76,4280,1045,67,#1E88E5,"27,5 M€",4 280 aides,1 045 entreprises
Etablissement non employeur,12887898.00,7057,1909,67,#D81B60,"12,9 M€",7 057 aides,1 909 entreprises
Autres Classes d'Effectifs,43080016.00,2449,672,67,#AAAAAA,"43,1 M€",2 449 aides,672 entreprises
0 salarié,16118823.00,5348,1382,68,#8E24AA,"16,1 M€",5 348 aides,1 382 entreprises
1 ou 2 salariés,51704205.00,15358,4095,68,#7E57C2,"51,7 M€",15 358 aides,4 095 entreprises
3 à 5 salariés,32840501.64,7051,1827,68,#5C6BC0,"32,8 M€",7 051 aides,1 827 entreprises
6 à 9 salariés,15554196.55,2396,596,68,#1E88E5,"15,6 M€",2 396 aides,596 entreprises
Etablissement non employeur,6677115.00,3769,1059,68,#D81B60,"6,7 M€",3 769 aides,1 059 entreprises
Autres Classes d'Effectifs,26744549.00,1525,417,68,#AAAAAA,"26,7 M€",1 525 aides,417 entreprises
0 salarié,43172514.00,17243,4447,69,#8E24AA,"43,2 M€",17 243 aides,4 447 entreprises
1 ou 2 salariés,141962847.96,43487,11204,69,#7E57C2,"142,0 M€",43 487 aides,11 204 entreprises
3 à 5 salariés,80141741.26,17133,4405,69,#5C6BC0,"80,1 M€",17 133 aides,4 405 entreprises
6 à 9 salariés,39633940.60,6113,1509,69,#1E88E5,"39,6 M€",6 113 aides,1 509 entreprises
Etablissement non employeur,24214325.00,13011,3419,69,#D81B60,"24,2 M€",13 011 aides,3 419 entreprises
Autres Classes d'Effectifs,64246290.00,3526,1014,69,#AAAAAA,"64,2 M€",3 526 aides,1 014 entreprises
0 salarié,3077874.00,1227,334,70,#8E24AA,"3,1 M€",1 227 aides,334 entreprises
1 ou 2 salariés,10737534.00,3323,926,70,#7E57C2,"10,7 M€",3 323 aides,926 entreprises
3 à 5 salariés,4274363.00,1059,307,70,#5C6BC0,"4,3 M€",1 059 aides,307 entreprises
6 à 9 salariés,1940366.00,370,116,70,#1E88E5,"1,9 M€",370 aides,116 entreprises
Etablissement non employeur,2486269.00,1489,416,70,#D81B60,"2,5 M€",1 489 aides,416 entreprises
Autres Classes d'Effectifs,1932501.00,153,50,70,#AAAAAA,"1,9 M€",153 aides,50 entreprises
0 salarié,11060228.41,3969,975,71,#8E24AA,"11,1 M€",3 969 aides,975 entreprises
1 ou 2 salariés,39895230.03,11562,2953,71,#7E57C2,"39,9 M€",11 562 aides,2 953 entreprises
3 à 5 salariés,17243391.90,3816,1013,71,#5C6BC0,"17,2 M€",3 816 aides,1 013 entreprises
6 à 9 salariés,5949716.00,977,282,71,#1E88E5,"5,9 M€",977 aides,282 entreprises
Etablissement non employeur,8505633.00,4501,1256,71,#D81B60,"8,5 M€",4 501 aides,1 256 entreprises
Autres Classes d'Effectifs,10688929.00,652,189,71,#AAAAAA,"10,7 M€",652 aides,189 entreprises
0 salarié,8405601.00,2919,729,72,#8E24AA,"8,4 M€",2 919 aides,729 entreprises
1 ou 2 salariés,27544845.67,8012,2085,72,#7E57C2,"27,5 M€",8 012 aides,2 085 entreprises
3 à 5 salariés,13445974.16,2977,829,72,#5C6BC0,"13,4 M€",2 977 aides,829 entreprises
6 à 9 salariés,5648949.08,955,270,72,#1E88E5,"5,6 M€",955 aides,270 entreprises
Etablissement non employeur,3766946.00,2320,652,72,#D81B60,"3,8 M€",2 320 aides,652 entreprises
Autres Classes d'Effectifs,9598193.00,591,187,72,#AAAAAA,"9,6 M€",591 aides,187 entreprises
0 salarié,18650737.99,6124,1520,73,#8E24AA,"18,7 M€",6 124 aides,1 520 entreprises
1 ou 2 salariés,59457824.55,14771,3515,73,#7E57C2,"59,5 M€",14 771 aides,3 515 entreprises
3 à 5 salariés,48834708.08,8125,1800,73,#5C6BC0,"48,8 M€",8 125 aides,1 800 entreprises
6 à 9 salariés,35201173.53,3849,881,73,#1E88E5,"35,2 M€",3 849 aides,881 entreprises
Etablissement non employeur,32160811.00,15048,3095,73,#D81B60,"32,2 M€",15 048 aides,3 095 entreprises
Autres Classes d'Effectifs,69107243.00,2849,776,73,#AAAAAA,"69,1 M€",2 849 aides,776 entreprises
0 salarié,27468102.00,8655,2144,74,#8E24AA,"27,5 M€",8 655 aides,2 144 entreprises
1 ou 2 salariés,74725787.92,19386,4955,74,#7E57C2,"74,7 M€",19 386 aides,4 955 entreprises
3 à 5 salariés,53708061.64,9630,2330,74,#5C6BC0,"53,7 M€",9 630 aides,2 330 entreprises
6 à 9 salariés,33032098.71,4075,977,74,#1E88E5,"33,0 M€",4 075 aides,977 entreprises
Etablissement non employeur,21129162.00,10278,2554,74,#D81B60,"21,1 M€",10 278 aides,2 554 entreprises
Autres Classes d'Effectifs,62808019.00,2977,807,74,#AAAAAA,"62,8 M€",2 977 aides,807 entreprises
0 salarié,122729808.51,42461,9328,75,#8E24AA,"122,7 M€",42 461 aides,9 328 entreprises
1 ou 2 salariés,384755901.46,113817,24823,75,#7E57C2,"384,8 M€",113 817 aides,24 823 entreprises
3 à 5 salariés,313902478.12,62139,12482,75,#5C6BC0,"313,9 M€",62 139 aides,12 482 entreprises
6 à 9 salariés,220864186.06,29851,5929,75,#1E88E5,"220,9 M€",29 851 aides,5 929 entreprises
Etablissement non employeur,73865770.75,38290,8547,75,#D81B60,"73,9 M€",38 290 aides,8 547 entreprises
Autres Classes d'Effectifs,419681044.66,20757,5154,75,#AAAAAA,"419,7 M€",20 757 aides,5 154 entreprises
0 salarié,16058166.00,5948,1487,76,#8E24AA,"16,1 M€",5 948 aides,1 487 entreprises
1 ou 2 salariés,61919255.59,18370,4840,76,#7E57C2,"61,9 M€",18 370 aides,4 840 entreprises
3 à 5 salariés,35801450.02,7609,1974,76,#5C6BC0,"35,8 M€",7 609 aides,1 974 entreprises
6 à 9 salariés,16889309.60,2661,708,76,#1E88E5,"16,9 M€",2 661 aides,708 entreprises
Etablissement non employeur,8717052.00,5016,1405,76,#D81B60,"8,7 M€",5 016 aides,1 405 entreprises
Autres Classes d'Effectifs,26632785.73,1631,450,76,#AAAAAA,"26,6 M€",1 631 aides,450 entreprises
0 salarié,21620697.13,8616,2051,77,#8E24AA,"21,6 M€",8 616 aides,2 051 entreprises
1 ou 2 salariés,67991855.52,23192,6120,77,#7E57C2,"68,0 M€",23 192 aides,6 120 entreprises
3 à 5 salariés,38561454.71,9266,2613,77,#5C6BC0,"38,6 M€",9 266 aides,2 613 entreprises
6 à 9 salariés,19346754.99,3429,920,77,#1E88E5,"19,3 M€",3 429 aides,920 entreprises
Etablissement non employeur,14739378.71,8521,1924,77,#D81B60,"14,7 M€",8 521 aides,1 924 entreprises
Autres Classes d'Effectifs,29296734.97,1742,501,77,#AAAAAA,"29,3 M€",1 742 aides,501 entreprises
0 salarié,19403079.54,7846,2006,78,#8E24AA,"19,4 M€",7 846 aides,2 006 entreprises
1 ou 2 salariés,65128463.58,21107,5650,78,#7E57C2,"65,1 M€",21 107 aides,5 650 entreprises
3 à 5 salariés,43088901.27,9418,2439,78,#5C6BC0,"43,1 M€",9 418 aides,2 439 entreprises
6 à 9 salariés,21410752.70,3567,884,78,#1E88E5,"21,4 M€",3 567 aides,884 entreprises
Etablissement non employeur,12525760.00,7084,1910,78,#D81B60,"12,5 M€",7 084 aides,1 910 entreprises
Autres Classes d'Effectifs,31238500.00,1827,510,78,#AAAAAA,"31,2 M€",1 827 aides,510 entreprises
0 salarié,4337520.00,1667,443,79,#8E24AA,"4,3 M€",1 667 aides,443 entreprises
1 ou 2 salariés,17868623.15,5440,1504,79,#7E57C2,"17,9 M€",5 440 aides,1 504 entreprises
3 à 5 salariés,8175218.80,1967,567,79,#5C6BC0,"8,2 M€",1 967 aides,567 entreprises
6 à 9 salariés,3571617.00,619,181,79,#1E88E5,"3,6 M€",619 aides,181 entreprises
Etablissement non employeur,2913018.00,1671,478,79,#D81B60,"2,9 M€",1 671 aides,478 entreprises
Autres Classes d'Effectifs,5170923.28,351,99,79,#AAAAAA,"5,2 M€",351 aides,99 entreprises
0 salarié,7576269.00,2790,719,80,#8E24AA,"7,6 M€",2 790 aides,719 entreprises
1 ou 2 salariés,26584960.24,8150,2129,80,#7E57C2,"26,6 M€",8 150 aides,2 129 entreprises
3 à 5 salariés,14759545.03,3353,882,80,#5C6BC0,"14,8 M€",3 353 aides,882 entreprises
6 à 9 salariés,6331368.23,1055,289,80,#1E88E5,"6,3 M€",1 055 aides,289 entreprises
Etablissement non employeur,4776458.00,2760,771,80,#D81B60,"4,8 M€",2 760 aides,771 entreprises
Autres Classes d'Effectifs,10845076.00,663,207,80,#AAAAAA,"10,8 M€",663 aides,207 entreprises
0 salarié,7933878.50,3195,834,81,#8E24AA,"7,9 M€",3 195 aides,834 entreprises
1 ou 2 salariés,24235450.47,7822,2191,81,#7E57C2,"24,2 M€",7 822 aides,2 191 entreprises
3 à 5 salariés,10855767.25,2588,736,81,#5C6BC0,"10,9 M€",2 588 aides,736 entreprises
6 à 9 salariés,4673500.45,748,221,81,#1E88E5,"4,7 M€",748 aides,221 entreprises
Etablissement non employeur,5011242.00,3036,867,81,#D81B60,"5,0 M€",3 036 aides,867 entreprises
Autres Classes d'Effectifs,5405436.00,386,127,81,#AAAAAA,"5,4 M€",386 aides,127 entreprises
0 salarié,5314648.00,2094,544,82,#8E24AA,"5,3 M€",2 094 aides,544 entreprises
1 ou 2 salariés,15995337.60,5045,1392,82,#7E57C2,"16,0 M€",5 045 aides,1 392 entreprises
3 à 5 salariés,6919330.78,1694,479,82,#5C6BC0,"6,9 M€",1 694 aides,479 entreprises
6 à 9 salariés,2692747.10,519,155,82,#1E88E5,"2,7 M€",519 aides,155 entreprises
Etablissement non employeur,3216881.00,2006,587,82,#D81B60,"3,2 M€",2 006 aides,587 entreprises
Autres Classes d'Effectifs,3466316.00,245,75,82,#AAAAAA,"3,5 M€",245 aides,75 entreprises
0 salarié,54947926.95,18515,4328,83,#8E24AA,"54,9 M€",18 515 aides,4 328 entreprises
1 ou 2 salariés,114228579.54,34170,8780,83,#7E57C2,"114,2 M€",34 170 aides,8 780 entreprises
3 à 5 salariés,52738515.90,10821,2818,83,#5C6BC0,"52,7 M€",10 821 aides,2 818 entreprises
6 à 9 salariés,24202062.67,3370,871,83,#1E88E5,"24,2 M€",3 370 aides,871 entreprises
Etablissement non employeur,16495739.06,9597,2680,83,#D81B60,"16,5 M€",9 597 aides,2 680 entreprises
Autres Classes d'Effectifs,34754429.00,1769,519,83,#AAAAAA,"34,8 M€",1 769 aides,519 entreprises
0 salarié,22793247.83,7881,1841,84,#8E24AA,"22,8 M€",7 881 aides,1 841 entreprises
1 ou 2 salariés,65761054.35,19715,4784,84,#7E57C2,"65,8 M€",19 715 aides,4 784 entreprises
3 à 5 salariés,26837549.00,5891,1521,84,#5C6BC0,"26,8 M€",5 891 aides,1 521 entreprises
6 à 9 salariés,11682977.00,1757,469,84,#1E88E5,"11,7 M€",1 757 aides,469 entreprises
Etablissement non employeur,9702526.00,5524,1537,84,#D81B60,"9,7 M€",5 524 aides,1 537 entreprises
Autres Classes d'Effectifs,15473414.00,880,250,84,#AAAAAA,"15,5 M€",880 aides,250 entreprises
0 salarié,21145430.94,6527,1565,85,#8E24AA,"21,1 M€",6 527 aides,1 565 entreprises
1 ou 2 salariés,44190533.04,12382,3380,85,#7E57C2,"44,2 M€",12 382 aides,3 380 entreprises
3 à 5 salariés,26067341.25,5272,1495,85,#5C6BC0,"26,1 M€",5 272 aides,1 495 entreprises
6 à 9 salariés,9487985.26,1407,458,85,#1E88E5,"9,5 M€",1 407 aides,458 entreprises
Etablissement non employeur,5898000.00,3365,1014,85,#D81B60,"5,9 M€",3 365 aides,1 014 entreprises
Autres Classes d'Effectifs,14870945.76,714,251,85,#AAAAAA,"14,9 M€",714 aides,251 entreprises
0 salarié,5660220.09,2210,570,86,#8E24AA,"5,7 M€",2 210 aides,570 entreprises
1 ou 2 salariés,20340967.00,6429,1755,86,#7E57C2,"20,3 M€",6 429 aides,1 755 entreprises
3 à 5 salariés,9619117.78,2305,649,86,#5C6BC0,"9,6 M€",2 305 aides,649 entreprises
6 à 9 salariés,5168160.00,847,244,86,#1E88E5,"5,2 M€",847 aides,244 entreprises
Etablissement non employeur,3764656.00,2063,582,86,#D81B60,"3,8 M€",2 063 aides,582 entreprises
Autres Classes d'Effectifs,9355497.00,539,155,86,#AAAAAA,"9,4 M€",539 aides,155 entreprises
0 salarié,6434771.37,2547,622,87,#8E24AA,"6,4 M€",2 547 aides,622 entreprises
1 ou 2 salariés,19808048.01,6134,1618,87,#7E57C2,"19,8 M€",6 134 aides,1 618 entreprises
3 à 5 salariés,10531885.23,2304,639,87,#5C6BC0,"10,5 M€",2 304 aides,639 entreprises
6 à 9 salariés,5033955.55,887,218,87,#1E88E5,"5,0 M€",887 aides,218 entreprises
Etablissement non employeur,4634561.00,2701,739,87,#D81B60,"4,6 M€",2 701 aides,739 entreprises
Autres Classes d'Effectifs,8405449.00,518,150,87,#AAAAAA,"8,4 M€",518 aides,150 entreprises
0 salarié,8141838.00,3019,750,88,#8E24AA,"8,1 M€",3 019 aides,750 entreprises
1 ou 2 salariés,25930785.90,7654,1967,88,#7E57C2,"25,9 M€",7 654 aides,1 967 entreprises
3 à 5 salariés,11524571.19,2669,720,88,#5C6BC0,"11,5 M€",2 669 aides,720 entreprises
6 à 9 salariés,4839589.00,890,233,88,#1E88E5,"4,8 M€",890 aides,233 entreprises
Etablissement non employeur,4915085.00,2819,766,88,#D81B60,"4,9 M€",2 819 aides,766 entreprises
Autres Classes d'Effectifs,6960813.00,450,139,88,#AAAAAA,"7,0 M€",450 aides,139 entreprises
0 salarié,5801312.00,2056,551,89,#8E24AA,"5,8 M€",2 056 aides,551 entreprises
1 ou 2 salariés,20091982.54,6202,1676,89,#7E57C2,"20,1 M€",6 202 aides,1 676 entreprises
3 à 5 salariés,9090573.50,1980,543,89,#5C6BC0,"9,1 M€",1 980 aides,543 entreprises
6 à 9 salariés,3438058.00,616,183,89,#1E88E5,"3,4 M€",616 aides,183 entreprises
Etablissement non employeur,3651470.00,2032,554,89,#D81B60,"3,7 M€",2 032 aides,554 entreprises
Autres Classes d'Effectifs,4334651.00,267,80,89,#AAAAAA,"4,3 M€",267 aides,80 entreprises
0 salarié,1816286.00,750,204,90,#8E24AA,"1,8 M€",750 aides,204 entreprises
1 ou 2 salariés,7725049.00,2266,573,90,#7E57C2,"7,7 M€",2 266 aides,573 entreprises
3 à 5 salariés,4063174.00,905,241,90,#5C6BC0,"4,1 M€",905 aides,241 entreprises
6 à 9 salariés,1753418.00,279,71,90,#1E88E5,"1,8 M€",279 aides,71 entreprises
Etablissement non employeur,1097146.00,607,171,90,#D81B60,"1,1 M€",607 aides,171 entreprises
Autres Classes d'Effectifs,1912223.00,144,45,90,#AAAAAA,"1,9 M€",144 aides,45 entreprises
0 salarié,16931246.00,7057,1688,91,#8E24AA,"16,9 M€",7 057 aides,1 688 entreprises
1 ou 2 salariés,54432237.54,19210,5102,91,#7E57C2,"54,4 M€",19 210 aides,5 102 entreprises
3 à 5 salariés,32645077.46,7923,2229,91,#5C6BC0,"32,6 M€",7 923 aides,2 229 entreprises
6 à 9 salariés,15269511.00,2739,766,91,#1E88E5,"15,3 M€",2 739 aides,766 entreprises
Etablissement non employeur,11132564.70,6099,1549,91,#D81B60,"11,1 M€",6 099 aides,1 549 entreprises
Autres Classes d'Effectifs,22819989.00,1308,400,91,#AAAAAA,"22,8 M€",1 308 aides,400 entreprises
0 salarié,36546028.88,13993,3067,92,#8E24AA,"36,5 M€",13 993 aides,3 067 entreprises
1 ou 2 salariés,105186992.59,33041,7559,92,#7E57C2,"105,2 M€",33 041 aides,7 559 entreprises
3 à 5 salariés,78222887.85,16302,3679,92,#5C6BC0,"78,2 M€",16 302 aides,3 679 entreprises
6 à 9 salariés,43157531.29,6303,1434,92,#1E88E5,"43,2 M€",6 303 aides,1 434 entreprises
Etablissement non employeur,19618523.83,11100,2549,92,#D81B60,"19,6 M€",11 100 aides,2 549 entreprises
Autres Classes d'Effectifs,68202418.00,3391,963,92,#AAAAAA,"68,2 M€",3 391 aides,963 entreprises
0 salarié,26706932.13,11362,2316,93,#8E24AA,"26,7 M€",11 362 aides,2 316 entreprises
1 ou 2 salariés,100370018.43,36796,8447,93,#7E57C2,"100,4 M€",36 796 aides,8 447 entreprises
3 à 5 salariés,67454011.33,17267,4543,93,#5C6BC0,"67,5 M€",17 267 aides,4 543 entreprises
6 à 9 salariés,27184066.00,5302,1492,93,#1E88E5,"27,2 M€",5 302 aides,1 492 entreprises
Etablissement non employeur,20116352.89,11676,2227,93,#D81B60,"20,1 M€",11 676 aides,2 227 entreprises
Autres Classes d'Effectifs,35812084.75,2602,746,93,#AAAAAA,"35,8 M€",2 602 aides,746 entreprises
0 salarié,25224699.38,9934,2200,94,#8E24AA,"25,2 M€",9 934 aides,2 200 entreprises
1 ou 2 salariés,81064391.45,27745,6562,94,#7E57C2,"81,1 M€",27 745 aides,6 562 entreprises
3 à 5 salariés,49764632.08,11897,2968,94,#5C6BC0,"49,8 M€",11 897 aides,2 968 entreprises
6 à 9 salariés,24910439.09,4183,1047,94,#1E88E5,"24,9 M€",4 183 aides,1 047 entreprises
Etablissement non employeur,17547602.34,10166,2129,94,#D81B60,"17,5 M€",10 166 aides,2 129 entreprises
Autres Classes d'Effectifs,35393010.00,2052,596,94,#AAAAAA,"35,4 M€",2 052 aides,596 entreprises
0 salarié,16743985.71,7367,1637,95,#8E24AA,"16,7 M€",7 367 aides,1 637 entreprises
1 ou 2 salariés,61140242.67,21983,5436,95,#7E57C2,"61,1 M€",21 983 aides,5 436 entreprises
3 à 5 salariés,36140042.02,9342,2539,95,#5C6BC0,"36,1 M€",9 342 aides,2 539 entreprises
6 à 9 salariés,16305861.74,3182,843,95,#1E88E5,"16,3 M€",3 182 aides,843 entreprises
Etablissement non employeur,12479697.72,7366,1621,95,#D81B60,"12,5 M€",7 366 aides,1 621 entreprises
Autres Classes d'Effectifs,26503770.00,1594,476,95,#AAAAAA,"26,5 M€",1 594 aides,476 entreprises
0 salarié,5682647.28,3091,774,971,#8E24AA,"5,7 M€",3 091 aides,774 entreprises
1 ou 2 salariés,20062739.75,10223,2748,971,#7E57C2,"20,1 M€",10 223 aides,2 748 entreprises
3 à 5 salariés,7967680.78,3430,1000,971,#5C6BC0,"8,0 M€",3 430 aides,1 000 entreprises
6 à 9 salariés,3523025.40,1153,359,971,#1E88E5,"3,5 M€",1 153 aides,359 entreprises
Etablissement non employeur,17635875.00,11087,2593,971,#D81B60,"17,6 M€",11 087 aides,2 593 entreprises
Autres Classes d'Effectifs,3272465.00,440,126,971,#AAAAAA,"3,3 M€",440 aides,126 entreprises
0 salarié,5588099.00,2660,684,972,#8E24AA,"5,6 M€",2 660 aides,684 entreprises
1 ou 2 salariés,19453339.34,8420,2212,972,#7E57C2,"19,5 M€",8 420 aides,2 212 entreprises
3 à 5 salariés,8576018.60,3022,933,972,#5C6BC0,"8,6 M€",3 022 aides,933 entreprises
6 à 9 salariés,3719910.00,1140,359,972,#1E88E5,"3,7 M€",1 140 aides,359 entreprises
Etablissement non employeur,8678329.00,5723,1405,972,#D81B60,"8,7 M€",5 723 aides,1 405 entreprises
Autres Classes d'Effectifs,3760378.00,531,184,972,#AAAAAA,"3,8 M€",531 aides,184 entreprises
0 salarié,4917410.77,2093,371,973,#8E24AA,"4,9 M€",2 093 aides,371 entreprises
1 ou 2 salariés,11835332.56,4998,944,973,#7E57C2,"11,8 M€",4 998 aides,944 entreprises
3 à 5 salariés,5538203.00,2011,405,973,#5C6BC0,"5,5 M€",2 011 aides,405 entreprises
6 à 9 salariés,2016708.00,662,141,973,#1E88E5,"2,0 M€",662 aides,141 entreprises
Etablissement non employeur,6576723.00,3286,551,973,#D81B60,"6,6 M€",3 286 aides,551 entreprises
Autres Classes d'Effectifs,1340263.69,310,68,973,#AAAAAA,"1,3 M€",310 aides,68 entreprises
0 salarié,11181737.00,6376,1887,974,#8E24AA,"11,2 M€",6 376 aides,1 887 entreprises
1 ou 2 salariés,27098478.16,14886,4942,974,#7E57C2,"27,1 M€",14 886 aides,4 942 entreprises
3 à 5 salariés,9835563.21,4751,1836,974,#5C6BC0,"9,8 M€",4 751 aides,1 836 entreprises
6 à 9 salariés,4817515.44,1721,693,974,#1E88E5,"4,8 M€",1 721 aides,693 entreprises
Etablissement non employeur,10033027.00,7078,2059,974,#D81B60,"10,0 M€",7 078 aides,2 059 entreprises
Autres Classes d'Effectifs,6402308.00,674,216,974,#AAAAAA,"6,4 M€",674 aides,216 entreprises
0 salarié,3290683.00,1188,235,976,#8E24AA,"3,3 M€",1 188 aides,235 entreprises
1 ou 2 salariés,2266245.00,836,135,976,#7E57C2,"2,3 M€",836 aides,135 entreprises
3 à 5 salariés,849181.00,300,62,976,#5C6BC0,"0,8 M€",300 aides,62 entreprises
6 à 9 salariés,205865.00,81,21,976,#1E88E5,"0,2 M€",81 aides,21 entreprises
Autres Classes d'Effectifs,220949.00,64,11,976,#AAAAAA,"0,2 M€",64 aides,11 entreprises
Autres Classes d'Effectifs,0,0,0,None,#AAAAAA,"0,0 M€",0 aides,0 entreprises
