libelle_cat_juridique,montant,nombre,nombre_siren,dep,color,montant_fr,nombre_fr,nombre_siren_fr
Entrepreneur individuel,28658800.64,21085,8356,01,#E53935,"28,7 M€",21 085 aides,8 356 entreprises
Société à responsabilité limitée (SARL),15423053.95,8099,3307,01,#FF8F00,"15,4 M€",8 099 aides,3 307 entreprises
Société par actions simplifiée,8548850.55,4507,1683,01,#6D4C41,"8,5 M€",4 507 aides,1 683 entreprises
Autres Catégories Juridiques,1608693.87,913,299,01,#AAAAAA,"1,6 M€",913 aides,299 entreprises
Entrepreneur individuel,19014102.41,14027,4913,02,#E53935,"19,0 M€",14 027 aides,4 913 entreprises
Société à responsabilité limitée (SARL),9655296.33,4971,1841,02,#FF8F00,"9,7 M€",4 971 aides,1 841 entreprises
Société par actions simplifiée,4669364.09,2511,848,02,#6D4C41,"4,7 M€",2 511 aides,848 entreprises
Autres Catégories Juridiques,972004.00,505,194,02,#AAAAAA,"1,0 M€",505 aides,194 entreprises
Entrepreneur individuel,18980184.00,13931,4988,03,#E53935,"19,0 M€",13 931 aides,4 988 entreprises
Société à responsabilité limitée (SARL),7723395.19,4217,1579,03,#FF8F00,"7,7 M€",4 217 aides,1 579 entreprises
Société par actions simplifiée,3690998.00,1970,654,03,#6D4C41,"3,7 M€",1 970 aides,654 entreprises
Autres Catégories Juridiques,1318818.00,875,370,03,#AAAAAA,"1,3 M€",875 aides,370 entreprises
Entrepreneur individuel,14326042.87,10662,3851,04,#E53935,"14,3 M€",10 662 aides,3 851 entreprises
Société à responsabilité limitée (SARL),7618882.00,4066,1417,04,#FF8F00,"7,6 M€",4 066 aides,1 417 entreprises
Société par actions simplifiée,3619541.00,1941,651,04,#6D4C41,"3,6 M€",1 941 aides,651 entreprises
Autres Catégories Juridiques,901062.00,579,203,04,#AAAAAA,"0,9 M€",579 aides,203 entreprises
Entrepreneur individuel,19219986.02,13850,4865,05,#E53935,"19,2 M€",13 850 aides,4 865 entreprises
Société à responsabilité limitée (SARL),9787191.65,4707,1621,05,#FF8F00,"9,8 M€",4 707 aides,1 621 entreprises
Société par actions simplifiée,3694730.60,1661,512,05,#6D4C41,"3,7 M€",1 661 aides,512 entreprises
Autres Catégories Juridiques,867889.00,497,175,05,#AAAAAA,"0,9 M€",497 aides,175 entreprises
Entrepreneur individuel,129114873.22,90909,28425,06,#E53935,"129,1 M€",90 909 aides,28 425 entreprises
Société à responsabilité limitée (SARL),72891664.84,35507,11555,06,#FF8F00,"72,9 M€",35 507 aides,11 555 entreprises
Société par actions simplifiée,51885700.87,25907,7399,06,#6D4C41,"51,9 M€",25 907 aides,7 399 entreprises
Autres Catégories Juridiques,4755966.09,2626,780,06,#AAAAAA,"4,8 M€",2 626 aides,780 entreprises
Entrepreneur individuel,24116430.00,18245,6413,07,#E53935,"24,1 M€",18 245 aides,6 413 entreprises
Société à responsabilité limitée (SARL),11529516.19,6264,2277,07,#FF8F00,"11,5 M€",6 264 aides,2 277 entreprises
Société par actions simplifiée,4432891.92,2322,777,07,#6D4C41,"4,4 M€",2 322 aides,777 entreprises
Autres Catégories Juridiques,1439887.00,914,302,07,#AAAAAA,"1,4 M€",914 aides,302 entreprises
Entrepreneur individuel,11567374.00,8642,3092,08,#E53935,"11,6 M€",8 642 aides,3 092 entreprises
Société à responsabilité limitée (SARL),5434893.69,2953,1126,08,#FF8F00,"5,4 M€",2 953 aides,1 126 entreprises
Société par actions simplifiée,2023233.00,1050,383,08,#6D4C41,"2,0 M€",1 050 aides,383 entreprises
Autres Catégories Juridiques,554633.00,322,108,08,#AAAAAA,"0,6 M€",322 aides,108 entreprises
Entrepreneur individuel,10620754.00,8528,3240,09,#E53935,"10,6 M€",8 528 aides,3 240 entreprises
Société à responsabilité limitée (SARL),4344220.00,2285,838,09,#FF8F00,"4,3 M€",2 285 aides,838 entreprises
Société par actions simplifiée,2674336.00,1389,493,09,#6D4C41,"2,7 M€",1 389 aides,493 entreprises
Autres Catégories Juridiques,665034.00,438,162,09,#AAAAAA,"0,7 M€",438 aides,162 entreprises
Entrepreneur individuel,13722379.00,9776,3461,10,#E53935,"13,7 M€",9 776 aides,3 461 entreprises
Société à responsabilité limitée (SARL),7792626.94,4117,1504,10,#FF8F00,"7,8 M€",4 117 aides,1 504 entreprises
Société par actions simplifiée,3341040.84,1780,599,10,#6D4C41,"3,3 M€",1 780 aides,599 entreprises
Autres Catégories Juridiques,1650680.00,621,273,10,#AAAAAA,"1,7 M€",621 aides,273 entreprises
Entrepreneur individuel,27396924.26,20924,7292,11,#E53935,"27,4 M€",20 924 aides,7 292 entreprises
Société à responsabilité limitée (SARL),13238173.75,7110,2493,11,#FF8F00,"13,2 M€",7 110 aides,2 493 entreprises
Société par actions simplifiée,8359318.86,4510,1448,11,#6D4C41,"8,4 M€",4 510 aides,1 448 entreprises
Autres Catégories Juridiques,1572459.00,993,338,11,#AAAAAA,"1,6 M€",993 aides,338 entreprises
Entrepreneur individuel,19415375.00,14375,5239,12,#E53935,"19,4 M€",14 375 aides,5 239 entreprises
Société à responsabilité limitée (SARL),9535678.90,5097,1871,12,#FF8F00,"9,5 M€",5 097 aides,1 871 entreprises
Société par actions simplifiée,3326408.28,1694,558,12,#6D4C41,"3,3 M€",1 694 aides,558 entreprises
Autres Catégories Juridiques,1663683.00,1104,465,12,#AAAAAA,"1,7 M€",1 104 aides,465 entreprises
Entrepreneur individuel,154569715.48,111656,36998,13,#E53935,"154,6 M€",111 656 aides,36 998 entreprises
Société à responsabilité limitée (SARL),94524940.01,46852,15549,13,#FF8F00,"94,5 M€",46 852 aides,15 549 entreprises
Société par actions simplifiée,74753361.11,37121,11303,13,#6D4C41,"74,8 M€",37 121 aides,11 303 entreprises
Autres Catégories Juridiques,8822840.96,4776,1389,13,#AAAAAA,"8,8 M€",4 776 aides,1 389 entreprises
Entrepreneur individuel,38484621.90,28041,10064,14,#E53935,"38,5 M€",28 041 aides,10 064 entreprises
Société à responsabilité limitée (SARL),24901189.85,12147,4296,14,#FF8F00,"24,9 M€",12 147 aides,4 296 entreprises
Société par actions simplifiée,9655880.00,4682,1552,14,#6D4C41,"9,7 M€",4 682 aides,1 552 entreprises
Autres Catégories Juridiques,2420235.00,1439,491,14,#AAAAAA,"2,4 M€",1 439 aides,491 entreprises
Entrepreneur individuel,10883275.77,7875,3143,15,#E53935,"10,9 M€",7 875 aides,3 143 entreprises
Société à responsabilité limitée (SARL),3721903.58,2100,780,15,#FF8F00,"3,7 M€",2 100 aides,780 entreprises
Société par actions simplifiée,1317145.00,745,266,15,#6D4C41,"1,3 M€",745 aides,266 entreprises
Autres Catégories Juridiques,1228623.00,805,432,15,#AAAAAA,"1,2 M€",805 aides,432 entreprises
Entrepreneur individuel,18363836.00,14202,5164,16,#E53935,"18,4 M€",14 202 aides,5 164 entreprises
Société à responsabilité limitée (SARL),8767997.00,4698,1753,16,#FF8F00,"8,8 M€",4 698 aides,1 753 entreprises
Société par actions simplifiée,2869184.12,1455,523,16,#6D4C41,"2,9 M€",1 455 aides,523 entreprises
Autres Catégories Juridiques,860253.00,539,168,16,#AAAAAA,"0,9 M€",539 aides,168 entreprises
Entrepreneur individuel,45537892.84,34393,12825,17,#E53935,"45,5 M€",34 393 aides,12 825 entreprises
Société à responsabilité limitée (SARL),26456753.00,13655,5152,17,#FF8F00,"26,5 M€",13 655 aides,5 152 entreprises
Société par actions simplifiée,7837080.75,3996,1397,17,#6D4C41,"7,8 M€",3 996 aides,1 397 entreprises
Autres Catégories Juridiques,2306234.00,1526,548,17,#AAAAAA,"2,3 M€",1 526 aides,548 entreprises
Entrepreneur individuel,13538039.00,9818,3608,18,#E53935,"13,5 M€",9 818 aides,3 608 entreprises
Société à responsabilité limitée (SARL),6590376.90,3536,1292,18,#FF8F00,"6,6 M€",3 536 aides,1 292 entreprises
Société par actions simplifiée,2517507.28,1311,440,18,#6D4C41,"2,5 M€",1 311 aides,440 entreprises
Autres Catégories Juridiques,801245.00,502,190,18,#AAAAAA,"0,8 M€",502 aides,190 entreprises
Entrepreneur individuel,12620674.00,9359,3580,19,#E53935,"12,6 M€",9 359 aides,3 580 entreprises
Société à responsabilité limitée (SARL),6131446.00,3333,1284,19,#FF8F00,"6,1 M€",3 333 aides,1 284 entreprises
Société par actions simplifiée,3179933.00,1716,606,19,#6D4C41,"3,2 M€",1 716 aides,606 entreprises
Autres Catégories Juridiques,998727.00,631,257,19,#AAAAAA,"1,0 M€",631 aides,257 entreprises
Entrepreneur individuel,26904772.40,20022,7173,21,#E53935,"26,9 M€",20 022 aides,7 173 entreprises
Société à responsabilité limitée (SARL),20343013.93,10260,3646,21,#FF8F00,"20,3 M€",10 260 aides,3 646 entreprises
Société par actions simplifiée,5885034.09,3084,1027,21,#6D4C41,"5,9 M€",3 084 aides,1 027 entreprises
Autres Catégories Juridiques,1728825.69,1085,369,21,#AAAAAA,"1,7 M€",1 085 aides,369 entreprises
Entrepreneur individuel,28158946.00,21110,7855,22,#E53935,"28,2 M€",21 110 aides,7 855 entreprises
Société à responsabilité limitée (SARL),19153301.30,10025,3739,22,#FF8F00,"19,2 M€",10 025 aides,3 739 entreprises
Société par actions simplifiée,3060853.00,1672,605,22,#6D4C41,"3,1 M€",1 672 aides,605 entreprises
Autres Catégories Juridiques,1957905.77,1284,423,22,#AAAAAA,"2,0 M€",1 284 aides,423 entreprises
Entrepreneur individuel,6044753.00,4745,1727,23,#E53935,"6,0 M€",4 745 aides,1 727 entreprises
Société à responsabilité limitée (SARL),1825413.96,999,376,23,#FF8F00,"1,8 M€",999 aides,376 entreprises
Société par actions simplifiée,954900.16,564,201,23,#6D4C41,"1,0 M€",564 aides,201 entreprises
Autres Catégories Juridiques,589863.00,391,153,23,#AAAAAA,"0,6 M€",391 aides,153 entreprises
Entrepreneur individuel,31517451.20,23981,8612,24,#E53935,"31,5 M€",23 981 aides,8 612 entreprises
Société à responsabilité limitée (SARL),13635418.38,7325,2593,24,#FF8F00,"13,6 M€",7 325 aides,2 593 entreprises
Société par actions simplifiée,5850246.22,3054,1014,24,#6D4C41,"5,9 M€",3 054 aides,1 014 entreprises
Autres Catégories Juridiques,1771300.00,1077,386,24,#AAAAAA,"1,8 M€",1 077 aides,386 entreprises
Entrepreneur individuel,22759011.94,17006,6119,25,#E53935,"22,8 M€",17 006 aides,6 119 entreprises
Société à responsabilité limitée (SARL),14468592.52,7879,2953,25,#FF8F00,"14,5 M€",7 879 aides,2 953 entreprises
Société par actions simplifiée,5115391.82,2641,927,25,#6D4C41,"5,1 M€",2 641 aides,927 entreprises
Autres Catégories Juridiques,1231419.00,735,249,25,#AAAAAA,"1,2 M€",735 aides,249 entreprises
Entrepreneur individuel,36693132.00,27709,9880,26,#E53935,"36,7 M€",27 709 aides,9 880 entreprises
Société à responsabilité limitée (SARL),18828883.61,9995,3611,26,#FF8F00,"18,8 M€",9 995 aides,3 611 entreprises
Société par actions simplifiée,9675132.00,5113,1772,26,#6D4C41,"9,7 M€",5 113 aides,1 772 entreprises
Autres Catégories Juridiques,2210295.00,1380,433,26,#AAAAAA,"2,2 M€",1 380 aides,433 entreprises
Entrepreneur individuel,25818971.72,18704,6594,27,#E53935,"25,8 M€",18 704 aides,6 594 entreprises
Société à responsabilité limitée (SARL),14227718.37,7504,2794,27,#FF8F00,"14,2 M€",7 504 aides,2 794 entreprises
Société par actions simplifiée,6978470.32,3667,1198,27,#6D4C41,"7,0 M€",3 667 aides,1 198 entreprises
Autres Catégories Juridiques,1041444.00,629,220,27,#AAAAAA,"1,0 M€",629 aides,220 entreprises
Entrepreneur individuel,17515076.00,12459,4494,28,#E53935,"17,5 M€",12 459 aides,4 494 entreprises
Société à responsabilité limitée (SARL),10369545.16,5445,2001,28,#FF8F00,"10,4 M€",5 445 aides,2 001 entreprises
Société par actions simplifiée,5362857.13,2904,959,28,#6D4C41,"5,4 M€",2 904 aides,959 entreprises
Autres Catégories Juridiques,725093.00,442,150,28,#AAAAAA,"0,7 M€",442 aides,150 entreprises
Entrepreneur individuel,43163262.49,31909,12360,29,#E53935,"43,2 M€",31 909 aides,12 360 entreprises
Société à responsabilité limitée (SARL),26099114.87,13625,5038,29,#FF8F00,"26,1 M€",13 625 aides,5 038 entreprises
Société par actions simplifiée,7285592.56,3608,1247,29,#6D4C41,"7,3 M€",3 608 aides,1 247 entreprises
Autres Catégories Juridiques,2706517.00,1686,589,29,#AAAAAA,"2,7 M€",1 686 aides,589 entreprises
Entrepreneur individuel,16548039.22,11712,4175,2A,#E53935,"16,5 M€",11 712 aides,4 175 entreprises
Société à responsabilité limitée (SARL),9705289.73,4957,1778,2A,#FF8F00,"9,7 M€",4 957 aides,1 778 entreprises
Société par actions simplifiée,6191344.60,3240,1116,2A,#6D4C41,"6,2 M€",3 240 aides,1 116 entreprises
Autres Catégories Juridiques,884943.00,549,168,2A,#AAAAAA,"0,9 M€",549 aides,168 entreprises
Entrepreneur individuel,20304293.13,14270,4600,2B,#E53935,"20,3 M€",14 270 aides,4 600 entreprises
Société à responsabilité limitée (SARL),10322439.00,5179,1638,2B,#FF8F00,"10,3 M€",5 179 aides,1 638 entreprises
Société par actions simplifiée,7456875.00,3753,1166,2B,#6D4C41,"7,5 M€",3 753 aides,1 166 entreprises
Autres Catégories Juridiques,1098730.25,679,203,2B,#AAAAAA,"1,1 M€",679 aides,203 entreprises
Entrepreneur individuel,54995830.04,41504,14358,30,#E53935,"55,0 M€",41 504 aides,14 358 entreprises
Société à responsabilité limitée (SARL),32269635.77,17151,6116,30,#FF8F00,"32,3 M€",17 151 aides,6 116 entreprises
Société par actions simplifiée,15058661.59,8075,2735,30,#6D4C41,"15,1 M€",8 075 aides,2 735 entreprises
Autres Catégories Juridiques,3059484.00,1942,601,30,#AAAAAA,"3,1 M€",1 942 aides,601 entreprises
Entrepreneur individuel,106295588.54,77242,26667,31,#E53935,"106,3 M€",77 242 aides,26 667 entreprises
Société à responsabilité limitée (SARL),56335019.29,28339,9948,31,#FF8F00,"56,3 M€",28 339 aides,9 948 entreprises
Société par actions simplifiée,33695160.52,17430,5694,31,#6D4C41,"33,7 M€",17 430 aides,5 694 entreprises
Autres Catégories Juridiques,4734237.23,2865,903,31,#AAAAAA,"4,7 M€",2 865 aides,903 entreprises
Entrepreneur individuel,12867014.00,9678,3517,32,#E53935,"12,9 M€",9 678 aides,3 517 entreprises
Société à responsabilité limitée (SARL),6121187.55,3406,1272,32,#FF8F00,"6,1 M€",3 406 aides,1 272 entreprises
Société par actions simplifiée,2855844.14,1553,530,32,#6D4C41,"2,9 M€",1 553 aides,530 entreprises
Autres Catégories Juridiques,1367826.00,885,325,32,#AAAAAA,"1,4 M€",885 aides,325 entreprises
Entrepreneur individuel,129751967.36,94279,33080,33,#E53935,"129,8 M€",94 279 aides,33 080 entreprises
Société à responsabilité limitée (SARL),66647349.32,34643,12488,33,#FF8F00,"66,6 M€",34 643 aides,12 488 entreprises
Société par actions simplifiée,33977888.19,18007,5877,33,#6D4C41,"34,0 M€",18 007 aides,5 877 entreprises
Autres Catégories Juridiques,8170701.18,4730,1709,33,#AAAAAA,"8,2 M€",4 730 aides,1 709 entreprises
Entrepreneur individuel,98398363.24,74442,26003,34,#E53935,"98,4 M€",74 442 aides,26 003 entreprises
Société à responsabilité limitée (SARL),57126503.67,29135,10244,34,#FF8F00,"57,1 M€",29 135 aides,10 244 entreprises
Société par actions simplifiée,36980283.02,19334,6222,34,#6D4C41,"37,0 M€",19 334 aides,6 222 entreprises
Autres Catégories Juridiques,5777187.00,3479,1098,34,#AAAAAA,"5,8 M€",3 479 aides,1 098 entreprises
Entrepreneur individuel,50007027.00,36557,13420,35,#E53935,"50,0 M€",36 557 aides,13 420 entreprises
Société à responsabilité limitée (SARL),39338820.97,19733,7122,35,#FF8F00,"39,3 M€",19 733 aides,7 122 entreprises
Société par actions simplifiée,7084424.22,3684,1249,35,#6D4C41,"7,1 M€",3 684 aides,1 249 entreprises
Autres Catégories Juridiques,3209212.27,1911,610,35,#AAAAAA,"3,2 M€",1 911 aides,610 entreprises
Entrepreneur individuel,9626880.00,7145,2537,36,#E53935,"9,6 M€",7 145 aides,2 537 entreprises
Société à responsabilité limitée (SARL),5076114.00,2645,966,36,#FF8F00,"5,1 M€",2 645 aides,966 entreprises
Société par actions simplifiée,1921700.00,1005,325,36,#6D4C41,"1,9 M€",1 005 aides,325 entreprises
Autres Catégories Juridiques,788707.00,505,179,36,#AAAAAA,"0,8 M€",505 aides,179 entreprises
Entrepreneur individuel,33335845.14,24364,8715,37,#E53935,"33,3 M€",24 364 aides,8 715 entreprises
Société à responsabilité limitée (SARL),21129995.38,10682,3747,37,#FF8F00,"21,1 M€",10 682 aides,3 747 entreprises
Société par actions simplifiée,6946281.00,3470,1177,37,#6D4C41,"6,9 M€",3 470 aides,1 177 entreprises
Autres Catégories Juridiques,2655339.00,1516,520,37,#AAAAAA,"2,7 M€",1 516 aides,520 entreprises
Entrepreneur individuel,80227548.72,58410,20958,38,#E53935,"80,2 M€",58 410 aides,20 958 entreprises
Société à responsabilité limitée (SARL),46534432.14,23673,8542,38,#FF8F00,"46,5 M€",23 673 aides,8 542 entreprises
Société par actions simplifiée,24975795.75,12709,4202,38,#6D4C41,"25,0 M€",12 709 aides,4 202 entreprises
Autres Catégories Juridiques,3438008.41,1941,638,38,#AAAAAA,"3,4 M€",1 941 aides,638 entreprises
Entrepreneur individuel,12525859.00,9506,3457,39,#E53935,"12,5 M€",9 506 aides,3 457 entreprises
Société à responsabilité limitée (SARL),6781983.00,3704,1389,39,#FF8F00,"6,8 M€",3 704 aides,1 389 entreprises
Société par actions simplifiée,3520333.00,1866,681,39,#6D4C41,"3,5 M€",1 866 aides,681 entreprises
Autres Catégories Juridiques,668360.00,426,161,39,#AAAAAA,"0,7 M€",426 aides,161 entreprises
Entrepreneur individuel,28551645.50,21776,8045,40,#E53935,"28,6 M€",21 776 aides,8 045 entreprises
Société à responsabilité limitée (SARL),16581290.88,8738,3213,40,#FF8F00,"16,6 M€",8 738 aides,3 213 entreprises
Société par actions simplifiée,5361682.00,2887,1005,40,#6D4C41,"5,4 M€",2 887 aides,1 005 entreprises
Autres Catégories Juridiques,1520593.50,988,357,40,#AAAAAA,"1,5 M€",988 aides,357 entreprises
Entrepreneur individuel,16304487.00,11727,4236,41,#E53935,"16,3 M€",11 727 aides,4 236 entreprises
Société à responsabilité limitée (SARL),9358480.00,5008,1868,41,#FF8F00,"9,4 M€",5 008 aides,1 868 entreprises
Société par actions simplifiée,3217223.00,1706,572,41,#6D4C41,"3,2 M€",1 706 aides,572 entreprises
Autres Catégories Juridiques,1098095.00,663,238,41,#AAAAAA,"1,1 M€",663 aides,238 entreprises
Entrepreneur individuel,43507276.23,31696,11151,42,#E53935,"43,5 M€",31 696 aides,11 151 entreprises
Société à responsabilité limitée (SARL),22307351.73,11430,4236,42,#FF8F00,"22,3 M€",11 430 aides,4 236 entreprises
Société par actions simplifiée,13147204.96,6686,2340,42,#6D4C41,"13,1 M€",6 686 aides,2 340 entreprises
Autres Catégories Juridiques,2982807.00,1775,610,42,#AAAAAA,"3,0 M€",1 775 aides,610 entreprises
Entrepreneur individuel,13906152.00,10230,3758,43,#E53935,"13,9 M€",10 230 aides,3 758 entreprises
Société à responsabilité limitée (SARL),6548278.00,3516,1304,43,#FF8F00,"6,5 M€",3 516 aides,1 304 entreprises
Société par actions simplifiée,2426211.00,1339,476,43,#6D4C41,"2,4 M€",1 339 aides,476 entreprises
Autres Catégories Juridiques,1085861.00,678,263,43,#AAAAAA,"1,1 M€",678 aides,263 entreprises
Entrepreneur individuel,77535984.00,56578,20737,44,#E53935,"77,5 M€",56 578 aides,20 737 entreprises
Société à responsabilité limitée (SARL),53737466.59,27637,10053,44,#FF8F00,"53,7 M€",27 637 aides,10 053 entreprises
Société par actions simplifiée,15478515.00,8220,2689,44,#6D4C41,"15,5 M€",8 220 aides,2 689 entreprises
Autres Catégories Juridiques,3885979.00,2394,836,44,#AAAAAA,"3,9 M€",2 394 aides,836 entreprises
Entrepreneur individuel,28956599.00,21032,7576,45,#E53935,"29,0 M€",21 032 aides,7 576 entreprises
Société à responsabilité limitée (SARL),18773180.73,9474,3435,45,#FF8F00,"18,8 M€",9 474 aides,3 435 entreprises
Société par actions simplifiée,8539019.82,4495,1516,45,#6D4C41,"8,5 M€",4 495 aides,1 516 entreprises
Autres Catégories Juridiques,1415207.03,842,290,45,#AAAAAA,"1,4 M€",842 aides,290 entreprises
Entrepreneur individuel,12493220.00,9647,3589,46,#E53935,"12,5 M€",9 647 aides,3 589 entreprises
Société à responsabilité limitée (SARL),5981557.51,3311,1174,46,#FF8F00,"6,0 M€",3 311 aides,1 174 entreprises
Société par actions simplifiée,2643826.47,1421,491,46,#6D4C41,"2,6 M€",1 421 aides,491 entreprises
Autres Catégories Juridiques,1021142.00,642,262,46,#AAAAAA,"1,0 M€",642 aides,262 entreprises
Entrepreneur individuel,19125786.00,14263,5175,47,#E53935,"19,1 M€",14 263 aides,5 175 entreprises
Société à responsabilité limitée (SARL),10305826.24,5474,1988,47,#FF8F00,"10,3 M€",5 474 aides,1 988 entreprises
Société par actions simplifiée,3907965.58,2094,744,47,#6D4C41,"3,9 M€",2 094 aides,744 entreprises
Autres Catégories Juridiques,1187357.00,758,283,47,#AAAAAA,"1,2 M€",758 aides,283 entreprises
Entrepreneur individuel,6047032.00,4374,1716,48,#E53935,"6,0 M€",4 374 aides,1 716 entreprises
Société à responsabilité limitée (SARL),2663549.00,1442,562,48,#FF8F00,"2,7 M€",1 442 aides,562 entreprises
Société par actions simplifiée,909876.00,469,173,48,#6D4C41,"0,9 M€",469 aides,173 entreprises
Autres Catégories Juridiques,579885.00,361,143,48,#AAAAAA,"0,6 M€",361 aides,143 entreprises
Entrepreneur individuel,37196278.00,27061,9871,49,#E53935,"37,2 M€",27 061 aides,9 871 entreprises
Société à responsabilité limitée (SARL),24696969.37,12854,4874,49,#FF8F00,"24,7 M€",12 854 aides,4 874 entreprises
Société par actions simplifiée,6161675.45,3155,1071,49,#6D4C41,"6,2 M€",3 155 aides,1 071 entreprises
Autres Catégories Juridiques,2982346.00,1812,690,49,#AAAAAA,"3,0 M€",1 812 aides,690 entreprises
Entrepreneur individuel,24009609.64,17354,6268,50,#E53935,"24,0 M€",17 354 aides,6 268 entreprises
Société à responsabilité limitée (SARL),13621122.45,6981,2520,50,#FF8F00,"13,6 M€",6 981 aides,2 520 entreprises
Société par actions simplifiée,3212492.62,1639,551,50,#6D4C41,"3,2 M€",1 639 aides,551 entreprises
Autres Catégories Juridiques,1649389.00,1002,339,50,#AAAAAA,"1,6 M€",1 002 aides,339 entreprises
Entrepreneur individuel,27059277.00,18542,6739,51,#E53935,"27,1 M€",18 542 aides,6 739 entreprises
Société à responsabilité limitée (SARL),17156656.78,8640,3093,51,#FF8F00,"17,2 M€",8 640 aides,3 093 entreprises
Société par actions simplifiée,6858126.72,3526,1182,51,#6D4C41,"6,9 M€",3 526 aides,1 182 entreprises
Autres Catégories Juridiques,5125025.00,1771,815,51,#AAAAAA,"5,1 M€",1 771 aides,815 entreprises
Entrepreneur individuel,6461269.85,4886,1752,52,#E53935,"6,5 M€",4 886 aides,1 752 entreprises
Société à responsabilité limitée (SARL),3318879.00,1877,684,52,#FF8F00,"3,3 M€",1 877 aides,684 entreprises
Société par actions simplifiée,1435525.00,786,279,52,#6D4C41,"1,4 M€",786 aides,279 entreprises
Autres Catégories Juridiques,311075.00,214,86,52,#AAAAAA,"0,3 M€",214 aides,86 entreprises
Entrepreneur individuel,12181033.00,8894,3219,53,#E53935,"12,2 M€",8 894 aides,3 219 entreprises
Société à responsabilité limitée (SARL),7398888.81,3933,1532,53,#FF8F00,"7,4 M€",3 933 aides,1 532 entreprises
Société par actions simplifiée,1629047.00,882,326,53,#6D4C41,"1,6 M€",882 aides,326 entreprises
Autres Catégories Juridiques,853541.00,568,209,53,#AAAAAA,"0,9 M€",568 aides,209 entreprises
Entrepreneur individuel,30673356.33,22808,8084,54,#E53935,"30,7 M€",22 808 aides,8 084 entreprises
Société à responsabilité limitée (SARL),17535738.95,9242,3416,54,#FF8F00,"17,5 M€",9 242 aides,3 416 entreprises
Société par actions simplifiée,7352380.25,3770,1315,54,#6D4C41,"7,4 M€",3 770 aides,1 315 entreprises
Autres Catégories Juridiques,1452925.00,883,286,54,#AAAAAA,"1,5 M€",883 aides,286 entreprises
Entrepreneur individuel,6940828.00,5143,1870,55,#E53935,"6,9 M€",5 143 aides,1 870 entreprises
Société à responsabilité limitée (SARL),3051694.00,1738,652,55,#FF8F00,"3,1 M€",1 738 aides,652 entreprises
Société par actions simplifiée,1296191.00,727,258,55,#6D4C41,"1,3 M€",727 aides,258 entreprises
Autres Catégories Juridiques,454212.00,269,80,55,#AAAAAA,"0,5 M€",269 aides,80 entreprises
Entrepreneur individuel,40518218.00,30127,11217,56,#E53935,"40,5 M€",30 127 aides,11 217 entreprises
Société à responsabilité limitée (SARL),27097414.66,14427,5370,56,#FF8F00,"27,1 M€",14 427 aides,5 370 entreprises
Société par actions simplifiée,6610439.28,3403,1188,56,#6D4C41,"6,6 M€",3 403 aides,1 188 entreprises
Autres Catégories Juridiques,2534990.00,1584,529,56,#AAAAAA,"2,5 M€",1 584 aides,529 entreprises
Entrepreneur individuel,36848606.44,27714,9956,57,#E53935,"36,8 M€",27 714 aides,9 956 entreprises
Société à responsabilité limitée (SARL),21669379.18,11716,4458,57,#FF8F00,"21,7 M€",11 716 aides,4 458 entreprises
Société par actions simplifiée,14295961.11,7888,2798,57,#6D4C41,"14,3 M€",7 888 aides,2 798 entreprises
Autres Catégories Juridiques,1191503.00,735,241,57,#AAAAAA,"1,2 M€",735 aides,241 entreprises
Entrepreneur individuel,9697880.92,7162,2599,58,#E53935,"9,7 M€",7 162 aides,2 599 entreprises
Société à responsabilité limitée (SARL),4875865.90,2619,947,58,#FF8F00,"4,9 M€",2 619 aides,947 entreprises
Société par actions simplifiée,1679802.00,882,311,58,#6D4C41,"1,7 M€",882 aides,311 entreprises
Autres Catégories Juridiques,600256.00,402,154,58,#AAAAAA,"0,6 M€",402 aides,154 entreprises
Entrepreneur individuel,113178921.23,82694,28459,59,#E53935,"113,2 M€",82 694 aides,28 459 entreprises
Société à responsabilité limitée (SARL),68017056.79,33693,11662,59,#FF8F00,"68,0 M€",33 693 aides,11 662 entreprises
Société par actions simplifiée,38014373.62,18775,5729,59,#6D4C41,"38,0 M€",18 775 aides,5 729 entreprises
Autres Catégories Juridiques,5328126.42,2904,910,59,#AAAAAA,"5,3 M€",2 904 aides,910 entreprises
Entrepreneur individuel,34669907.85,24778,8537,60,#E53935,"34,7 M€",24 778 aides,8 537 entreprises
Société à responsabilité limitée (SARL),19420486.17,10097,3619,60,#FF8F00,"19,4 M€",10 097 aides,3 619 entreprises
Société par actions simplifiée,13448593.00,7057,2112,60,#6D4C41,"13,4 M€",7 057 aides,2 112 entreprises
Autres Catégories Juridiques,1647260.98,912,300,60,#AAAAAA,"1,6 M€",912 aides,300 entreprises
Entrepreneur individuel,13033105.00,9458,3424,61,#E53935,"13,0 M€",9 458 aides,3 424 entreprises
Société à responsabilité limitée (SARL),6134972.09,3306,1239,61,#FF8F00,"6,1 M€",3 306 aides,1 239 entreprises
Société par actions simplifiée,2203827.96,1139,393,61,#6D4C41,"2,2 M€",1 139 aides,393 entreprises
Autres Catégories Juridiques,780324.00,496,189,61,#AAAAAA,"0,8 M€",496 aides,189 entreprises
Entrepreneur individuel,54967919.36,41228,14741,62,#E53935,"55,0 M€",41 228 aides,14 741 entreprises
Société à responsabilité limitée (SARL),29073961.02,15001,5469,62,#FF8F00,"29,1 M€",15 001 aides,5 469 entreprises
Société par actions simplifiée,13281769.78,6659,2302,62,#6D4C41,"13,3 M€",6 659 aides,2 302 entreprises
Autres Catégories Juridiques,2503068.65,1481,505,62,#AAAAAA,"2,5 M€",1 481 aides,505 entreprises
Entrepreneur individuel,37598757.72,27950,9874,63,#E53935,"37,6 M€",27 950 aides,9 874 entreprises
Société à responsabilité limitée (SARL),23463233.67,12181,4304,63,#FF8F00,"23,5 M€",12 181 aides,4 304 entreprises
Société par actions simplifiée,8532365.04,4434,1505,63,#6D4C41,"8,5 M€",4 434 aides,1 505 entreprises
Autres Catégories Juridiques,1859919.60,1135,376,63,#AAAAAA,"1,9 M€",1 135 aides,376 entreprises
Entrepreneur individuel,47576343.00,36462,13688,64,#E53935,"47,6 M€",36 462 aides,13 688 entreprises
Société à responsabilité limitée (SARL),30926846.40,16490,6004,64,#FF8F00,"30,9 M€",16 490 aides,6 004 entreprises
Société par actions simplifiée,10675046.00,5648,1944,64,#6D4C41,"10,7 M€",5 648 aides,1 944 entreprises
Autres Catégories Juridiques,3310001.00,2033,783,64,#AAAAAA,"3,3 M€",2 033 aides,783 entreprises
Entrepreneur individuel,20098265.00,14513,4968,65,#E53935,"20,1 M€",14 513 aides,4 968 entreprises
Société à responsabilité limitée (SARL),12004409.75,5673,1793,65,#FF8F00,"12,0 M€",5 673 aides,1 793 entreprises
Société par actions simplifiée,3780832.83,1778,568,65,#6D4C41,"3,8 M€",1 778 aides,568 entreprises
Autres Catégories Juridiques,1352594.00,719,232,65,#AAAAAA,"1,4 M€",719 aides,232 entreprises
Entrepreneur individuel,36964049.63,27810,9901,66,#E53935,"37,0 M€",27 810 aides,9 901 entreprises
Société à responsabilité limitée (SARL),18508511.34,9913,3596,66,#FF8F00,"18,5 M€",9 913 aides,3 596 entreprises
Société par actions simplifiée,12183357.65,6272,2075,66,#6D4C41,"12,2 M€",6 272 aides,2 075 entreprises
Autres Catégories Juridiques,2185061.00,1340,458,66,#AAAAAA,"2,2 M€",1 340 aides,458 entreprises
Entrepreneur individuel,55355337.02,41085,14280,67,#E53935,"55,4 M€",41 085 aides,14 280 entreprises
Société à responsabilité limitée (SARL),40452749.99,21500,7829,67,#FF8F00,"40,5 M€",21 500 aides,7 829 entreprises
Société par actions simplifiée,19655057.97,10637,3738,67,#6D4C41,"19,7 M€",10 637 aides,3 738 entreprises
Autres Catégories Juridiques,3808884.00,2215,700,67,#AAAAAA,"3,8 M€",2 215 aides,700 entreprises
Entrepreneur individuel,31676710.64,23886,8594,68,#E53935,"31,7 M€",23 886 aides,8 594 entreprises
Société à responsabilité limitée (SARL),23785926.17,12679,4577,68,#FF8F00,"23,8 M€",12 679 aides,4 577 entreprises
Société par actions simplifiée,11485078.83,6184,2150,68,#6D4C41,"11,5 M€",6 184 aides,2 150 entreprises
Autres Catégories Juridiques,2030069.00,1261,462,68,#AAAAAA,"2,0 M€",1 261 aides,462 entreprises
Entrepreneur individuel,157687562.09,109903,35123,69,#E53935,"157,7 M€",109 903 aides,35 123 entreprises
Société à responsabilité limitée (SARL),80688542.69,40539,14151,69,#FF8F00,"80,7 M€",40 539 aides,14 151 entreprises
Société par actions simplifiée,57138050.74,29215,9185,69,#6D4C41,"57,1 M€",29 215 aides,9 185 entreprises
Autres Catégories Juridiques,7561031.84,4368,1306,69,#AAAAAA,"7,6 M€",4 368 aides,1 306 entreprises
Entrepreneur individuel,9742877.00,7378,2727,70,#E53935,"9,7 M€",7 378 aides,2 727 entreprises
Société à responsabilité limitée (SARL),4530178.00,2531,1004,70,#FF8F00,"4,5 M€",2 531 aides,1 004 entreprises
Société par actions simplifiée,1745813.00,872,311,70,#6D4C41,"1,7 M€",872 aides,311 entreprises
Autres Catégories Juridiques,378982.00,256,111,70,#AAAAAA,"0,4 M€",256 aides,111 entreprises
Entrepreneur individuel,28482600.00,20714,7453,71,#E53935,"28,5 M€",20 714 aides,7 453 entreprises
Société à responsabilité limitée (SARL),16701442.91,8519,3110,71,#FF8F00,"16,7 M€",8 519 aides,3 110 entreprises
Société par actions simplifiée,6185512.43,3060,1048,71,#6D4C41,"6,2 M€",3 060 aides,1 048 entreprises
Autres Catégories Juridiques,2280224.00,1338,525,71,#AAAAAA,"2,3 M€",1 338 aides,525 entreprises
Entrepreneur individuel,22273316.00,16407,5889,72,#E53935,"22,3 M€",16 407 aides,5 889 entreprises
Société à responsabilité limitée (SARL),13204343.24,6884,2545,72,#FF8F00,"13,2 M€",6 884 aides,2 545 entreprises
Société par actions simplifiée,3625270.49,1931,624,72,#6D4C41,"3,6 M€",1 931 aides,624 entreprises
Autres Catégories Juridiques,1050351.00,674,226,72,#AAAAAA,"1,1 M€",674 aides,226 entreprises
Entrepreneur individuel,50569714.00,35582,12501,73,#E53935,"50,6 M€",35 582 aides,12 501 entreprises
Société à responsabilité limitée (SARL),29684716.31,13720,4772,73,#FF8F00,"29,7 M€",13 720 aides,4 772 entreprises
Société par actions simplifiée,10321726.19,4708,1551,73,#6D4C41,"10,3 M€",4 708 aides,1 551 entreprises
Autres Catégories Juridiques,2105932.00,1162,399,73,#AAAAAA,"2,1 M€",1 162 aides,399 entreprises
Entrepreneur individuel,64421091.00,46553,16623,74,#E53935,"64,4 M€",46 553 aides,16 623 entreprises
Société à responsabilité limitée (SARL),35519725.95,17613,6382,74,#FF8F00,"35,5 M€",17 613 aides,6 382 entreprises
Société par actions simplifiée,14685679.08,7267,2475,74,#6D4C41,"14,7 M€",7 267 aides,2 475 entreprises
Autres Catégories Juridiques,2035093.00,1207,415,74,#AAAAAA,"2,0 M€",1 207 aides,415 entreprises
Entrepreneur individuel,336630133.25,227193,64392,75,#E53935,"336,6 M€",227 193 aides,64 392 entreprises
Société à responsabilité limitée (SARL),269231844.92,123769,35483,75,#FF8F00,"269,2 M€",123 769 aides,35 483 entreprises
Société par actions simplifiée,208398594.84,95947,26213,75,#6D4C41,"208,4 M€",95 947 aides,26 213 entreprises
Autres Catégories Juridiques,16834088.21,8075,2316,75,#AAAAAA,"16,8 M€",8 075 aides,2 316 entreprises
Entrepreneur individuel,49377233.04,36768,13086,76,#E53935,"49,4 M€",36 768 aides,13 086 entreprises
Société à responsabilité limitée (SARL),29008391.54,14748,5266,76,#FF8F00,"29,0 M€",14 748 aides,5 266 entreprises
Société par actions simplifiée,13569301.17,6791,2189,76,#6D4C41,"13,6 M€",6 791 aides,2 189 entreprises
Autres Catégories Juridiques,2422407.00,1388,477,76,#AAAAAA,"2,4 M€",1 388 aides,477 entreprises
Entrepreneur individuel,87152574.68,58908,17515,77,#E53935,"87,2 M€",58 908 aides,17 515 entreprises
Société à responsabilité limitée (SARL),39081939.36,20303,7005,77,#FF8F00,"39,1 M€",20 303 aides,7 005 entreprises
Société par actions simplifiée,36472092.56,19047,5613,77,#6D4C41,"36,5 M€",19 047 aides,5 613 entreprises
Autres Catégories Juridiques,2153889.00,1249,411,77,#AAAAAA,"2,2 M€",1 249 aides,411 entreprises
Entrepreneur individuel,85935210.43,57915,17903,78,#E53935,"85,9 M€",57 915 aides,17 903 entreprises
Société à responsabilité limitée (SARL),41909704.58,21546,7464,78,#FF8F00,"41,9 M€",21 546 aides,7 464 entreprises
Société par actions simplifiée,36138783.90,19000,5612,78,#6D4C41,"36,1 M€",19 000 aides,5 612 entreprises
Autres Catégories Juridiques,2014284.00,1094,355,78,#AAAAAA,"2,0 M€",1 094 aides,355 entreprises
Entrepreneur individuel,16041588.90,11654,4257,79,#E53935,"16,0 M€",11 654 aides,4 257 entreprises
Société à responsabilité limitée (SARL),8536204.00,4493,1670,79,#FF8F00,"8,5 M€",4 493 aides,1 670 entreprises
Société par actions simplifiée,1978780.05,1031,351,79,#6D4C41,"2,0 M€",1 031 aides,351 entreprises
Autres Catégories Juridiques,1020011.00,668,239,79,#AAAAAA,"1,0 M€",668 aides,239 entreprises
Entrepreneur individuel,23401465.69,17742,6411,80,#E53935,"23,4 M€",17 742 aides,6 411 entreprises
Société à responsabilité limitée (SARL),10741438.03,5662,2053,80,#FF8F00,"10,7 M€",5 662 aides,2 053 entreprises
Société par actions simplifiée,5319015.00,2784,923,80,#6D4C41,"5,3 M€",2 784 aides,923 entreprises
Autres Catégories Juridiques,1276536.00,805,267,80,#AAAAAA,"1,3 M€",805 aides,267 entreprises
Entrepreneur individuel,23640624.08,18285,6752,81,#E53935,"23,6 M€",18 285 aides,6 752 entreprises
Société à responsabilité limitée (SARL),12159227.32,6693,2560,81,#FF8F00,"12,2 M€",6 693 aides,2 560 entreprises
Société par actions simplifiée,5859269.18,3152,1110,81,#6D4C41,"5,9 M€",3 152 aides,1 110 entreprises
Autres Catégories Juridiques,1334379.00,820,289,81,#AAAAAA,"1,3 M€",820 aides,289 entreprises
Entrepreneur individuel,16341012.00,12293,4465,82,#E53935,"16,3 M€",12 293 aides,4 465 entreprises
Société à responsabilité limitée (SARL),8113720.95,4327,1655,82,#FF8F00,"8,1 M€",4 327 aides,1 655 entreprises
Société par actions simplifiée,3967595.00,2029,704,82,#6D4C41,"4,0 M€",2 029 aides,704 entreprises
Autres Catégories Juridiques,761098.00,480,178,82,#AAAAAA,"0,8 M€",480 aides,178 entreprises
Entrepreneur individuel,95898944.29,70959,24807,83,#E53935,"95,9 M€",70 959 aides,24 807 entreprises
Société à responsabilité limitée (SARL),46226217.05,24102,8823,83,#FF8F00,"46,2 M€",24 102 aides,8 823 entreprises
Société par actions simplifiée,33304561.98,17221,5757,83,#6D4C41,"33,3 M€",17 221 aides,5 757 entreprises
Autres Catégories Juridiques,3594427.62,2151,711,83,#AAAAAA,"3,6 M€",2 151 aides,711 entreprises
Entrepreneur individuel,49128429.21,36281,12435,84,#E53935,"49,1 M€",36 281 aides,12 435 entreprises
Société à responsabilité limitée (SARL),27333036.81,13980,4827,84,#FF8F00,"27,3 M€",13 980 aides,4 827 entreprises
Société par actions simplifiée,17472051.83,8715,2815,84,#6D4C41,"17,5 M€",8 715 aides,2 815 entreprises
Autres Catégories Juridiques,2906629.00,1734,584,84,#AAAAAA,"2,9 M€",1 734 aides,584 entreprises
Entrepreneur individuel,31972681.00,23961,8958,85,#E53935,"32,0 M€",23 961 aides,8 958 entreprises
Société à responsabilité limitée (SARL),24989885.31,12960,5017,85,#FF8F00,"25,0 M€",12 960 aides,5 017 entreprises
Société par actions simplifiée,5323258.28,2827,968,85,#6D4C41,"5,3 M€",2 827 aides,968 entreprises
Autres Catégories Juridiques,2121789.00,1296,452,85,#AAAAAA,"2,1 M€",1 296 aides,452 entreprises
Entrepreneur individuel,21760690.00,15436,5517,86,#E53935,"21,8 M€",15 436 aides,5 517 entreprises
Société à responsabilité limitée (SARL),11093984.37,5939,2250,86,#FF8F00,"11,1 M€",5 939 aides,2 250 entreprises
Société par actions simplifiée,2852894.88,1555,528,86,#6D4C41,"2,9 M€",1 555 aides,528 entreprises
Autres Catégories Juridiques,1424542.09,886,289,86,#AAAAAA,"1,4 M€",886 aides,289 entreprises
Entrepreneur individuel,19259021.00,14277,5035,87,#E53935,"19,3 M€",14 277 aides,5 035 entreprises
Société à responsabilité limitée (SARL),10512502.95,5452,1990,87,#FF8F00,"10,5 M€",5 452 aides,1 990 entreprises
Société par actions simplifiée,4146080.93,2059,705,87,#6D4C41,"4,1 M€",2 059 aides,705 entreprises
Autres Catégories Juridiques,1154789.00,682,233,87,#AAAAAA,"1,2 M€",682 aides,233 entreprises
Entrepreneur individuel,18594118.20,13989,4927,88,#E53935,"18,6 M€",13 989 aides,4 927 entreprises
Société à responsabilité limitée (SARL),12446437.00,6732,2473,88,#FF8F00,"12,4 M€",6 732 aides,2 473 entreprises
Société par actions simplifiée,4542739.40,2443,850,88,#6D4C41,"4,5 M€",2 443 aides,850 entreprises
Autres Catégories Juridiques,802771.00,545,187,88,#AAAAAA,"0,8 M€",545 aides,187 entreprises
Entrepreneur individuel,15519427.00,11566,4150,89,#E53935,"15,5 M€",11 566 aides,4 150 entreprises
Société à responsabilité limitée (SARL),8446940.05,4395,1594,89,#FF8F00,"8,4 M€",4 395 aides,1 594 entreprises
Société par actions simplifiée,3778859.00,2127,716,89,#6D4C41,"3,8 M€",2 127 aides,716 entreprises
Autres Catégories Juridiques,1052464.00,658,211,89,#AAAAAA,"1,1 M€",658 aides,211 entreprises
Entrepreneur individuel,5076777.00,3831,1400,90,#E53935,"5,1 M€",3 831 aides,1 400 entreprises
Société à responsabilité limitée (SARL),3709324.00,1935,711,90,#FF8F00,"3,7 M€",1 935 aides,711 entreprises
Société par actions simplifiée,1427250.00,749,263,90,#6D4C41,"1,4 M€",749 aides,263 entreprises
Autres Catégories Juridiques,206110.00,128,40,90,#AAAAAA,"0,2 M€",128 aides,40 entreprises
Entrepreneur individuel,79218402.84,52030,15149,91,#E53935,"79,2 M€",52 030 aides,15 149 entreprises
Société à responsabilité limitée (SARL),34170562.23,17981,6232,91,#FF8F00,"34,2 M€",17 981 aides,6 232 entreprises
Société par actions simplifiée,33523978.97,17896,5125,91,#6D4C41,"33,5 M€",17 896 aides,5 125 entreprises
Autres Catégories Juridiques,1613075.00,888,271,91,#AAAAAA,"1,6 M€",888 aides,271 entreprises
Entrepreneur individuel,150556411.53,95797,25347,92,#E53935,"150,6 M€",95 797 aides,25 347 entreprises
Société par actions simplifiée,69585699.46,35463,9435,92,#6D4C41,"69,6 M€",35 463 aides,9 435 entreprises
Société à responsabilité limitée (SARL),66972177.37,33492,10262,92,#FF8F00,"67,0 M€",33 492 aides,10 262 entreprises
Autres Catégories Juridiques,3444020.25,1796,532,92,#AAAAAA,"3,4 M€",1 796 aides,532 entreprises
Entrepreneur individuel,177243795.87,108127,25828,93,#E53935,"177,2 M€",108 127 aides,25 828 entreprises
Société par actions simplifiée,73725482.92,38828,9465,93,#6D4C41,"73,7 M€",38 828 aides,9 465 entreprises
Société à responsabilité limitée (SARL),62740054.08,32258,9945,93,#FF8F00,"62,7 M€",32 258 aides,9 945 entreprises
Autres Catégories Juridiques,3558767.00,2030,616,93,#AAAAAA,"3,6 M€",2 030 aides,616 entreprises
Entrepreneur individuel,128076971.69,82851,22018,94,#E53935,"128,1 M€",82 851 aides,22 018 entreprises
Société par actions simplifiée,53393268.61,28440,7477,94,#6D4C41,"53,4 M€",28 440 aides,7 477 entreprises
Société à responsabilité limitée (SARL),47734983.93,24497,7759,94,#FF8F00,"47,7 M€",24 497 aides,7 759 entreprises
Autres Catégories Juridiques,2845286.00,1559,464,94,#AAAAAA,"2,8 M€",1 559 aides,464 entreprises
Entrepreneur individuel,100485333.96,63373,16521,95,#E53935,"100,5 M€",63 373 aides,16 521 entreprises
Société par actions simplifiée,40981682.57,22101,5873,95,#6D4C41,"41,0 M€",22 101 aides,5 873 entreprises
Société à responsabilité limitée (SARL),35521495.29,18683,6290,95,#FF8F00,"35,5 M€",18 683 aides,6 290 entreprises
Autres Catégories Juridiques,1667754.00,947,312,95,#AAAAAA,"1,7 M€",947 aides,312 entreprises
Entrepreneur individuel,61432343.49,42438,11726,971,#E53935,"61,4 M€",42 438 aides,11 726 entreprises
Société à responsabilité limitée (SARL),18467574.04,10678,3083,971,#FF8F00,"18,5 M€",10 678 aides,3 083 entreprises
Société par actions simplifiée,16404457.67,9983,2589,971,#6D4C41,"16,4 M€",9 983 aides,2 589 entreprises
Autres Catégories Juridiques,2131980.85,1379,395,971,#AAAAAA,"2,1 M€",1 379 aides,395 entreprises
Entrepreneur individuel,32590773.00,22670,6755,972,#E53935,"32,6 M€",22 670 aides,6 755 entreprises
Société à responsabilité limitée (SARL),17510476.59,9722,2943,972,#FF8F00,"17,5 M€",9 722 aides,2 943 entreprises
Société par actions simplifiée,12107879.35,6934,1910,972,#6D4C41,"12,1 M€",6 934 aides,1 910 entreprises
Autres Catégories Juridiques,1303423.00,813,254,972,#AAAAAA,"1,3 M€",813 aides,254 entreprises
Entrepreneur individuel,37719637.17,18364,3600,973,#E53935,"37,7 M€",18 364 aides,3 600 entreprises
Société par actions simplifiée,14175240.02,6141,1195,973,#6D4C41,"14,2 M€",6 141 aides,1 195 entreprises
Société à responsabilité limitée (SARL),9921492.38,4267,874,973,#FF8F00,"9,9 M€",4 267 aides,874 entreprises
Autres Catégories Juridiques,1476017.23,677,139,973,#AAAAAA,"1,5 M€",677 aides,139 entreprises
Entrepreneur individuel,72933724.16,53099,17083,974,#E53935,"72,9 M€",53 099 aides,17 083 entreprises
Société à responsabilité limitée (SARL),25531779.21,16279,5842,974,#FF8F00,"25,5 M€",16 279 aides,5 842 entreprises
Société par actions simplifiée,6910852.00,4479,1494,974,#6D4C41,"6,9 M€",4 479 aides,1 494 entreprises
Autres Catégories Juridiques,2389851.75,1562,517,974,#AAAAAA,"2,4 M€",1 562 aides,517 entreprises
Entrepreneur individuel,72553721.00,31724,5250,976,#E53935,"72,6 M€",31 724 aides,5 250 entreprises
Société à responsabilité limitée (SARL),7274715.23,3188,631,976,#FF8F00,"7,3 M€",3 188 aides,631 entreprises
Société par actions simplifiée,982699.00,428,83,976,#6D4C41,"1,0 M€",428 aides,83 entreprises
Autres Catégories Juridiques,705338.00,304,56,976,#AAAAAA,"0,7 M€",304 aides,56 entreprises
Autres Catégories Juridiques,0,0,0,None,#AAAAAA,"0,0 M€",0 aides,0 entreprises
